Symbol,Name,Sector,Price to Earnings,Price to Book,Earnings Yield,Return on Equity,Debt to Equity,Market Cap,Momentum 3m,Momentum 6m,Volatility Daily,Volatility Annual
AAL,American Airlines Group Inc.,Industrials,4.791477,-2.3157334,0.20870391321924323,,,8630180864,-0.06173730018024649,-0.013584928692511792,0.02910667565918886,0.4620541517161844
AA,Alcoa Corporation,Basic Materials,11.653227,2.6255023,0.08581313999976145,0.19919,39.427,16076487680,0.4933847074043669,0.950104390062579,0.033740045405958055,0.5356066162091541
AAOI,"Applied Optoelectronics, Inc.",Technology,41.087807,8.607194,0.024338120552406216,-0.079390004,33.802,5751215104,2.294094812757589,2.3044332723914613,0.08651154222342838,1.373328157559132
AAPL,Apple Inc.,Technology,28.408987,44.044678,0.03520012874799091,1.5202099,102.63,3882897899520,-0.04728086023550294,0.13813002816581424,0.0151585581030335,0.24063464984969793
ABBV,AbbVie Inc.,Healthcare,14.403375,-125.44865,0.06942817221658118,62.25,,410356645888,0.027616874769692157,0.1332907623911805,0.015600841336331175,0.2476556785158532
ABNB,"Airbnb, Inc.",Consumer Cyclical,23.232021,9.9199705,0.04304403822637729,0.30233,27.698,81000333312,0.15735825837532583,0.03564306038005213,0.01900303588429969,0.30166384263056023
ABT,Abbott Laboratories,Healthcare,18.634903,3.8760078,0.05366274243552542,0.12961,26.787,202502406144,-0.09024910696602295,-0.10588880424110789,0.013877964784803081,0.22030586114580583
ACHR,Archer Aviation Inc.,Industrials,-9.644821,2.8031497,-0.10368258778467739,-0.59133,5.356,5226857472,-0.04939918516230417,-0.22608695291616507,0.04407846941071662,0.6997240093987438
ACI,"Albertsons Companies, Inc.",Consumer Defensive,7.784199,3.6770747,0.12846536939767342,0.29655,616.824,9832604672,-0.004538933037293056,-0.0550480830467777,0.018847745958768872,0.2991986914861505
ACLX,"Arcellx, Inc.",Healthcare,-53.190052,16.38209,-0.01880050803484832,-0.53418,12.904,6579664896,0.553447111474776,0.6197864899007451,0.0694276381359296,1.1021295877335222
ADBE,Adobe Inc.,Technology,9.94047,9.324166,0.10059886504360459,0.55426,57.266,109844824064,-0.17356382986391938,-0.2586450163947062,0.019024028123023444,0.30199708408931353
ADI,"Analog Devices, Inc.",Technology,27.585432,5.140954,0.0362510182911038,0.07862,25.753,174214037504,0.3843308384524028,0.40986706333358264,0.017815878223179583,0.28281829900046684
ADP,"Automatic Data Processing, Inc.",Technology,17.916546,13.512355,0.055814329391390506,0.73843,70.044,86697631744,-0.1517098198804267,-0.28685879310712425,0.01357074104876734,0.2154288355313655
ADT,ADT Inc.,Industrials,8.4785185,1.7822223,0.11794513392876362,0.17245,216.34,6577047040,-0.010437522600158785,-0.06373239177887038,0.014744938690208221,0.23406864522711246
AEO,"American Eagle Outfitters, Inc.",Consumer Cyclical,14.487114,2.5625782,0.06902686069841102,0.12362,121.281,4164909824,0.21822188816053523,0.8896363686638609,0.04976260720783568,0.789956899572741
AEP,"American Electric Power Company, Inc.",Utilities,19.601496,2.3244343,0.051016514249728695,0.12486,154.237,72378089472,0.09907179484994397,0.21615337739067153,0.01142264960194534,0.18132894096106986
AES,The AES Corporation,Utilities,7.4277534,3.1840796,0.13463020999054706,0.05106,302.896,12305451008,0.25698119626433785,0.3135676356267696,0.024191912303678044,0.38403470216769475
AFRM,"Affirm Holdings, Inc.",Financial Services,12.391953,4.400112,0.080697530082627,0.08917,258.872,15649538048,-0.31715119973332606,-0.4126765746106448,0.040823335917178086,0.6480503671494247
AGNC,AGNC Investment Corp.,Real Estate,7.472885,1.1910328,0.1338171268526145,0.15076,688.679,12416195584,0.09679230432963103,0.22725195509302476,0.011216811342012106,0.1780613598845562
AIG,"American International Group, Inc.",Financial Services,9.095161,1.0529689,0.10994857595154171,0.07399,24.408,43430477824,0.06407023075227855,-0.002605896696862383,0.015770148992102946,0.2503433542292418
ALHC,"Alignment Healthcare, Inc.",Healthcare,26.787457,21.89066,0.03733090453490975,-0.00698,183.874,3845763072,0.0,0.17769605837982885,0.02692645409978023,0.4274442074208844
AKAM,"Akamai Technologies, Inc.",Technology,12.948541,2.8605902,0.07722877813029282,0.091730006,114.024,14255541248,0.09994413355406977,0.2551345854792932,0.027638190134903033,0.43874266670923284
ALLY,Ally Financial Inc.,Financial Services,6.2477226,0.9235669,0.16005832269185574,0.05796,,12166963200,-0.03470600010232773,-0.024891904420353515,0.0183829146735555,0.2918197235924878
ALK,"Alaska Air Group, Inc.",Industrials,6.1089377,1.4476489,0.16369458146544857,0.023559999,167.387,5915498496,0.21383205155252621,-0.183285878048754,0.02854607852129343,0.4531549480407891
AMAT,"Applied Materials, Inc.",Technology,26.999743,13.60497,0.037037389578115615,0.38863,33.108,295460929536,0.4912362021676572,1.2599078347843153,0.029877868202300307,0.4742964538083065
AMD,"Advanced Micro Devices, Inc.",Technology,18.394283,5.1800776,0.054364717559254684,0.07082,6.359,326424559616,-0.06548729658123792,0.1876260798390016,0.04111862757044331,0.652737976822062
AMKR,"Amkor Technology, Inc.",Technology,20.85523,2.6450577,0.047949603049211156,0.086569995,36.97,11826319360,0.37225149619842124,0.9499600930762304,0.042475312295488676,0.6742746791620026
AMH,American Homes 4 Rent,Real Estate,38.03969,1.5638846,0.026288332002705594,0.066,66.32,12674486272,-0.051893059480138094,-0.1367050523093298,0.012786247290453641,0.20297538319388275
AMZN,"Amazon.com, Inc.",Consumer Cyclical,22.488394,5.48217,0.044467381708093515,0.22286,43.435,2254333280256,-0.08360971965404712,-0.09326427260049948,0.02023691792022806,0.3212511127160994
AMT,American Tower Corporation,Real Estate,27.628294,24.493807,0.036194779163708043,0.2628,434.211,89838682112,0.06889692273832058,-0.03517673117423458,0.01505257880949014,0.23895228072066968
ANET,"Arista Networks, Inc.",Technology,31.48867,13.560183,0.03175745434786544,0.314,0.179,168114569216,0.04582842463135501,-0.020039608112438562,0.03250540578681432,0.5160073198629032
APA,APA Corporation,Energy,12.590376,1.7594578,0.07942574550593247,0.2532,64.158,10865975296,0.2427563628462168,0.3490882024247385,0.02833317528150693,0.4497752138860189
APG,APi Group Corporation,Industrials,23.259342,5.425921,0.04299347763148244,0.09495,90.141,19167954944,0.13331632942298496,0.23809521786106916,0.01617612722700616,0.256788058912795
APH,Amphenol Corporation,Technology,28.383707,13.357109,0.035231479806355104,0.36851,118.935,179539132416,0.054942676365218567,0.309133708860782,0.02568659977977639,0.40776213026480884
APLD,Applied Digital Corporation,Technology,-30.469275,5.250289,-0.0328199473075746,-0.07897,125.912,7624305664,0.0934242130638389,0.6427710741624241,0.07124170608903922,1.1309270237253226
APLE,"Apple Hospitality REIT, Inc.",Real Estate,18.575758,0.9175273,0.053833603990749664,0.05468,52.838,2905495552,0.04431884443660257,-0.029545123079138976,0.014196977422187278,0.2253700297674383
APLS,"Apellis Pharmaceuticals, Inc.",Healthcare,-86.25514,7.1707144,-0.01159351199244474,0.07479,128.154,2651968512,-0.02918022527386222,-0.25276293566597885,0.04397684183390158,0.6981107216311515
APO,"Apollo Global Management, Inc.",Financial Services,9.606015,2.7599673,0.10410144060778585,0.14698,99.468,60712202240,-0.19377239524227938,-0.22692997259151798,0.022812806872612418,0.36214208215366567
APP,AppLovin Corporation,Communication Services,21.84653,68.90174,0.04577385973882351,2.12945,171.801,147088343040,-0.25853984236218974,-0.10125066870558785,0.048213516654210836,0.7653658493934768
AQN,Algonquin Power & Utilities Corp.,Utilities,19.180567,1.2022046,0.05213610212878483,0.00147,127.169,5365335040,0.13680784541591345,0.2034482395748191,0.014557451819666464,0.23109238342585295
AR,Antero Resources Corporation,Energy,9.410736,1.5039837,0.10626161439445331,0.09035,45.706,11356805120,0.048120799909020774,0.14530186908300563,0.024664290108792796,0.3915334673508957
ARCC,Ares Capital Corporation,Financial Services,9.662087,0.93370783,0.1034973086042384,0.09388,111.908,13369585664,-0.0707575479080524,-0.12458326376146502,0.011988398936647344,0.19030993322520032
ARES,Ares Management Corporation,Financial Services,14.350947,8.830114,0.06968181263577937,0.13520001,163.448,36697231360,-0.2705448350815597,-0.37070238124834437,0.02623164862733594,0.4164145124829584
ASTS,"AST SpaceMobile, Inc.",Technology,-77.94292,17.362421,-0.01282990167676551,-0.39031,44.433,29597784064,0.4263328852392448,0.6177732626586967,0.06649144441383696,1.055518957394925
ARR,"ARMOUR Residential REIT, Inc.",Real Estate,5.709742,0.888482,0.1751392619841667,0.17816,794.369,2020550784,0.07279491267198145,0.2920686488654617,0.014523365868443478,0.23055128572503036
ATEC,"Alphatec Holdings, Inc.",Healthcare,25.926065,164.09639,0.03857122166437521,-6.30658,1654.478,2023253632,-0.39707836239218497,-0.15034315020923125,0.04184145477374943,0.6642125029469841
AVGO,Broadcom Inc.,Technology,22.00909,5.3958898,0.04543577221956928,0.31048,166.032,1515073961984,-0.1947043286026474,0.03907331177853667,0.028826703822923187,0.45760973659901805
AVTR,"Avantor, Inc.",Healthcare,10.6877985,1.098301,0.09356463821805773,-0.09204,74.246,6172606464,-0.22913114419312247,-0.3149129322785113,0.036094827319986034,0.5729876202270183
AXP,American Express Company,Financial Services,15.376122,6.3304367,0.0650359043717265,0.33992,190.921,212786266112,-0.14941840150707547,-0.05082521750440288,0.017859304812676415,0.2835076747370447
BA,The Boeing Company,Industrials,48.37256,32.771137,0.020672877350299428,2.90084,1032.894,178690015232,0.21725872570171287,-0.036543041789413463,0.018512527239007127,0.2938772592823323
BAC,Bank of America Corporation,Financial Services,10.02872,1.2962722,0.09971362247624822,0.1019,,363883364352,-0.05474703448738986,-0.002425007961424702,0.014169182143708561,0.22492879340057947
BAX,Baxter International Inc.,Healthcare,9.889406,1.7091794,0.10111830781343188,-0.13713,160.275,10480162816,0.0777778439350803,-0.15886184065079173,0.03270402925608088,0.5191603696882243
BBWI,"Bath & Body Works, Inc.",Consumer Cyclical,8.784219,-2.928838,0.11384051331142814,,,4692829696,0.3212515666118544,-0.2083107371043592,0.0358180427196923,0.5685938009123606
BBY,"Best Buy Co., Inc.",Consumer Cyclical,9.316387,4.9054065,0.10733774799179123,0.22493,154.542,13019975680,-0.22464382917240683,-0.12470253743127904,0.021209148779287614,0.336684799136185
BE,Bloom Energy Corporation,Industrials,53.526115,56.710384,0.018682469295595243,-0.12646,377.798,43672940544,0.5391536395923486,1.8406934367923797,0.06695251318844743,1.0628381972844245
BEAM,Beam Therapeutics Inc.,Healthcare,-6.6773653,2.2799006,-0.14975966643610167,-0.08113,12.446,2887976704,0.13703548956181963,0.6890206789413887,0.04980631575342259,0.7906507512234888
BEN,"Franklin Resources, Inc.",Financial Services,9.070435,1.13725,0.11024829569915887,0.04464,24.587,13837709312,0.19467876736551282,0.06803733439769116,0.01600447385628778,0.25406314612903413
BKD,Brookdale Senior Living Inc.,Healthcare,-1530.0,-81.38298,-0.00065359477124183,-3.0815601,,3636570112,0.37589931188795356,1.0026178610095804,0.025422079626755217,0.4035630030148562
BK,The Bank of New York Mellon Corporation,Financial Services,12.73003,2.0763597,0.07855441031953578,0.12898,,83054280704,0.07395242740935556,0.13305907860077826,0.013357390785711057,0.21204200510218268
BMNR,"Bitmine Immersion Technologies, Inc.",Financial Services,20.191488,0.6892294,0.049525819989096394,-0.86262,,8633289728,-0.40184076535155805,-0.583375612680706,0.0710665475563378,1.128146468220089
BKR,Baker Hughes Company,Energy,22.429895,3.4192603,0.04458335627518542,0.14552,35.255,64492314624,0.3225557618145098,0.4443144851230066,0.018256464086100772,0.2898123827472284
BMRN,BioMarin Pharmaceutical Inc.,Healthcare,9.166914,1.9501485,0.10908796569925276,0.05941,9.811,11859217408,0.11185156760214467,0.07021496559695978,0.022352330547528713,0.35483224710883915
BMY,Bristol-Myers Squibb Company,Healthcare,10.195958,6.8742423,0.09807808152995531,0.40442002,254.982,127014862848,0.281361754779718,0.3646421594669273,0.01745798358041629,0.277136897678583
BRBR,"BellRing Brands, Inc.",Consumer Defensive,8.413549,-4.2227325,0.11885590729904824,,,2177843200,-0.39882316776998583,-0.5500367049116446,0.04379676165265649,0.6952520373773957
BRO,"Brown & Brown, Inc.",Financial Services,14.418327,1.9233036,0.06935617426349118,0.11226,62.976,24520841216,-0.10521992927375376,-0.2503041043293275,0.018386168776386085,0.29187138087347
BROS,Dutch Bros Inc.,Consumer Cyclical,45.06936,10.0056,0.02218802308264417,0.14115,121.29,8821256192,-0.08013037520179671,-0.2778825141034356,0.034968309992014564,0.5551047120425133
BRX,Brixmor Property Group Inc.,Real Estate,28.08108,3.0784094,0.03561116595230668,0.12888,184.271,9280472064,0.1723478288233963,0.1041175417599247,0.012143582588406171,0.19277339732578058
BSX,Boston Scientific Corporation,Healthcare,19.608994,4.7028947,0.05099700678168396,0.12445,48.921,114036596736,-0.23880745670549047,-0.27328606643857123,0.019804630576129287,0.31438876387166365
BULL,Webull Corporation,Technology,32.277775,2.9195979,0.03098106979183045,0.03664,11.286,2915555840,-0.37257021607211016,-0.6039536528586501,0.03809825015911126,0.6047909718464122
BWA,BorgWarner Inc.,Consumer Cyclical,9.833679,2.1903892,0.10169134054507982,0.05919,72.266,12315841536,0.3453954157192787,0.35233949177240925,0.02554674342972887,0.4055419795358153
BX,Blackstone Inc.,Financial Services,14.244306,10.246746,0.07020349043330015,0.29228002,60.811,139404132352,-0.20861410207809436,-0.32737182654020947,0.020017205834232398,0.31776329147862087
C,Citigroup Inc.,Financial Services,9.121689,1.0016727,0.10962881983808043,0.06831,,197159239680,0.08062788365170333,0.15084463766637768,0.01815573745297963,0.2882133970173921
CAG,"Conagra Brands, Inc.",Consumer Defensive,10.686726,1.1381778,0.09357402819160891,-0.0116,94.229,9208611840,0.10155958546395184,0.06616399511484045,0.016825810399962057,0.267101459552543
CALY,Callaway Golf Company,Consumer Cyclical,24.855482,1.0444213,0.04023257324078447,0.01589,179.929,2585403904,0.10534592173407976,0.44057377970241063,0.03927794535936222,0.6235180525827357
CARR,Carrier Global Corporation,Industrials,20.268463,3.9009025,0.049337732219754404,0.10925,87.719,53828349952,0.18977639673547986,-0.018816189078324767,0.02018952083309613,0.3204987072835797
CART,Maplebear Inc.,Consumer Cyclical,8.351163,3.8065758,0.1197438009532325,0.14917,1.326,9881569280,-0.11113749660225282,-0.14458381694880929,0.027438223038880518,0.4355682874704047
CAVA,"CAVA Group, Inc.",Consumer Cyclical,116.63956,12.283288,0.008573420544453357,0.08642,59.802,9565375488,0.6610271638706307,0.20906028921904238,0.040262585699448204,0.6391487334069932
CCC,CCC Intelligent Solutions Holdings Inc.,Technology,12.22658,1.9749323,0.08178902031475686,0.00089,78.022,3796819200,-0.20355194166848575,-0.4187437608257013,0.03172836796167672,0.5036722267952756
CCI,Crown Castle Inc.,Real Estate,31.97583,-23.820166,0.03127362135713131,,,38992789504,0.0005386249411651571,-0.06261745050066421,0.016597490997842752,0.2634770014075512
CCL,Carnival Corporation & plc,Consumer Cyclical,11.145888,3.3696463,0.08971918612496375,0.25632998,227.882,43612102656,0.24639558590241784,-0.02444328587251279,0.02667275285909679,0.4234168250799429
CDE,"Coeur Mining, Inc.",Basic Materials,12.8978615,5.261628,0.07753223276587363,0.26413,10.835,17432948736,0.6769610082110237,1.1616241012322215,0.046496194243127294,0.7381042012696075
CDNS,"Cadence Design Systems, Inc.",Technology,32.102867,14.964499,0.031149865835970347,0.21855,48.707,82128478208,-0.016158028752767974,-0.14928452220726784,0.02416886203715132,0.38366879053039393
CECO,CECO Environmental Corp.,Industrials,26.629957,6.786035,0.03755169413153765,0.1847,72.838,2154500352,0.16429127301272045,0.29470984238493997,0.037695966300273324,0.5984049135647687
CEG,Constellation Energy Corporation,Utilities,24.23012,7.097857,0.041270947069184966,0.16364,63.94,119512252416,-0.08134448676646672,0.03351128830225185,0.029612656882839736,0.4700863546312746
CELH,"Celsius Holdings, Inc.",Consumer Defensive,27.223701,11.656882,0.036732698467412644,0.05185,22.775,13819870208,0.31461506167499453,-0.1018595770856134,0.038048603552591466,0.6040028564006743
CFG,"Citizens Financial Group, Inc.",Financial Services,9.562741,1.06735,0.10457252789759755,0.07241,,25850773504,0.12287224832749935,0.17256017895415915,0.017316820201817115,0.27489599851456453
CFLT,"Confluent, Inc.",Technology,46.223175,9.342065,0.021634169439896763,-0.27721,94.546,10968956928,0.40494732860663857,0.529675872485986,0.042561467530322514,0.6756423511151028
CHWY,"Chewy, Inc.",Consumer Cyclical,17.60932,24.222616,0.05678810993269473,0.59593,119.067,11379260416,-0.19871422857504675,-0.33816075611111185,0.02880271751279347,0.45722896573017824
CHYM,"Chime Financial, Inc.",Technology,19.243479,5.9989157,0.05196565548256633,-0.85543,8.795,8289410560,0.09717397506489193,-0.16710578039346083,0.04156391155175123,0.6598066408861111
CIFR,Cipher Digital Inc.,Technology,26.666668,7.8431377,0.03749999812500009,-1.08346,331.044,6163436544,-0.18537855393090616,1.2222222826004634,0.07345617252345563,1.166080588558317
CL,Colgate-Palmolive Company,Consumer Defensive,23.919992,1479.7014,0.04180603404884082,4.9747,2343.562,80127008768,0.2462153379738458,0.2037381020136536,0.013091373801526295,0.207819116394149
CLF,Cleveland-Cliffs Inc.,Basic Materials,14.366577,0.993106,0.06960600287737295,-0.21576999,125.969,6080363008,-0.15664560459894336,-0.020220612565693304,0.0440679193810159,0.6995565328692691
CLSK,"CleanSpark, Inc.",Financial Services,-16.722689,1.8408879,-0.05979899524532209,-0.15338,129.453,2544741376,-0.2602230520173686,0.04188477597292004,0.06109073225650295,0.9697853097692314
CMCSA,Comcast Corporation,Communication Services,7.7797155,1.1515286,0.12853940481499612,0.2141,107.863,112814972928,0.2578689478647865,0.006146111506234317,0.01515304003454029,0.24054705322799522
CMG,"Chipotle Mexican Grill, Inc.",Consumer Cyclical,27.162333,17.152073,0.036815688843811756,0.47355,179.319,49215188992,0.09374089203162063,-0.12237676598401785,0.024047533529645525,0.3817427601835761
CMS,CMS Energy Corporation,Utilities,18.721106,2.6818042,0.05341564755842951,0.108559996,194.861,23922278400,0.044961102410015656,0.11289133617117539,0.00929698597827903,0.14758507704588517
CNC,Centene Corporation,Healthcare,10.86667,1.1060998,0.09202451164892281,-0.28678,90.556,22070683648,0.1373543362745623,0.5813954332373185,0.029453065903104633,0.4675529263680653
CNP,"CenterPoint Energy, Inc.",Utilities,20.846514,2.546391,0.047969650944997326,0.096429996,206.599,28399769600,0.0948667654901146,0.17353847775113945,0.009368716080243521,0.14872375711377725
COF,Capital One Financial Corporation,Financial Services,7.9594364,1.1301745,0.1256370363107619,0.02394,,124374925312,-0.09693946008072102,-0.1320970218349491,0.021301878781083524,0.33815684227914433
COHR,Coherent Corp.,Technology,35.246696,5.6830254,0.02837145359667187,0.032360002,39.901,48544673792,0.6813635888037743,1.7198529514297662,0.04387664360806983,0.6965201241069873
COIN,"Coinbase Global, Inc.",Financial Services,29.465485,3.183843,0.03393801255944031,0.10055,53.119,47419289600,-0.3363399430373864,-0.4299283385495271,0.04387113656240963,0.6964327024673339
COLD,"Americold Realty Trust, Inc.",Real Estate,46.172417,1.3224691,0.02165795219253954,-0.03701,153.963,3826723328,0.2627019946119182,-0.046037529248171664,0.028088534614767485,0.4458916636974253
COMP,"Compass, Inc.",Real Estate,10.496625,7.1324067,0.0952687173258071,-0.09786,60.485,7061881856,-0.06429943103534434,0.08093120900099343,0.03517578390731291,0.5583982583429872
COP,ConocoPhillips,Energy,16.75557,2.1555998,0.05968164616303713,0.12357,37.828,138686611456,0.3129286858652485,0.17220828021330722,0.017715140501585524,0.28121913724658
CORZ,"Core Scientific, Inc.",Technology,-67.88,-4.639147,-0.014731879787860933,,,5261740032,0.04882564853388786,0.18257831792589999,0.039873823627977256,0.6329773268452745
CPNG,"Coupang, Inc.",Consumer Cyclical,37.68517,7.523659,0.026535637228119177,0.048639998,100.26,34852433920,-0.31588381709367386,-0.3335661724415096,0.02441170143680801,0.3875237464905129
CPB,The Campbell's Company,Consumer Defensive,10.427025,2.0295203,0.09590463243350812,0.14815,184.567,8034718208,-0.09536099800461054,-0.1247184749038229,0.018208217722662828,0.2890464954713082
CPRT,"Copart, Inc.",Industrials,22.505037,3.763462,0.044434497041706704,0.17129,0.98,36871794688,-0.017032254126764113,-0.21866666353665865,0.015643311757580467,0.2483298755520639
CRBG,"Corebridge Financial, Inc.",Financial Services,4.3352504,1.0092962,0.23066718360720295,-0.02967,110.931,13033189376,-0.13302688034798718,-0.24824034908242454,0.020016510342951137,0.3177522508968055
CRCL,Circle Internet Group,Financial Services,32.20627,5.954896,0.031049854578006082,-0.027579999,1.105,21230274560,0.1486784573582591,-0.36276156342104515,0.05980827108796039,0.949426869860866
CRDO,Credo Technology Group Holding Ltd,Technology,25.506287,15.584397,0.03920602006869914,0.22868,1.278,20279521280,-0.31546856653063915,-0.14830837198383692,0.051416307223692906,0.8162085734831117
CRGY,Crescent Energy Company,Energy,8.942541,0.74125874,0.11182503943789578,0.03507,107.101,3828938240,0.26054052404455236,0.2291281675967432,0.03310737727119882,0.5255633209271059
CRM,"Salesforce, Inc.",Technology,13.081609,3.0795376,0.0764431959401936,0.123959996,29.042,185440075776,-0.14484146575596288,-0.23213704190653067,0.02246102885434924,0.3565577792355247
CRWD,"CrowdStrike Holdings, Inc.",Technology,76.82522,23.345049,0.013016558885220244,-0.088149995,20.154,93775577088,-0.25832435169923107,-0.1584162647368142,0.026971779118499736,0.42816371978709133
CRWV,"CoreWeave, Inc.",Technology,38.557907,12.115121,0.025935017686514985,-0.50264,894.213,41470910464,0.07093816904187068,-0.2259947772159665,0.06366645818918469,1.010673691349246
CSCO,"Cisco Systems, Inc.",Technology,17.595919,6.575093,0.05683135958968668,0.23754999,66.509,313953976320,0.05015378252167843,0.15753367412194547,0.0174468741155646,0.2769605403914035
CSGP,"CoStar Group, Inc.",Real Estate,24.867805,2.2341812,0.04021263637864299,0.00088,14.144,18915211264,-0.3419345138758348,-0.5059227259666476,0.025994957252381927,0.41265715338934483
CSX,CSX Corporation,Industrials,20.45863,6.0347753,0.04887912827007478,0.22511,148.222,79384477696,0.21381861954157683,0.31717780074245483,0.013125988442850258,0.2083686067901384
CTRA,Coterra Energy Inc.,Energy,11.177083,1.5709738,0.08946878179217244,0.12275,25.717,23290537984,0.1591512262249963,0.2653707966264921,0.017426535825729395,0.2766376800494256
CTRI,"Centuri Holdings, Inc.",Utilities,32.08412,3.5767856,0.031168066944020908,0.031489998,106.798,3086960896,0.42791346417751364,0.46502836595205993,0.02502788963149457,0.3973054308342398
CTSH,Cognizant Technology Solutions Corporation,Technology,10.474328,2.05538,0.0954715185546987,0.15158,7.819,31096911872,-0.15953456057329807,-0.09312370471655797,0.020130982700619592,0.3195694432390973
CTVA,"Corteva, Inc.",Basic Materials,19.910192,2.2305124,0.05022553273218059,0.04974,12.282,54139645952,0.20531611360639934,0.08355355586298892,0.015599403681118276,0.2476328564468669
CVNA,Carvana Co.,Consumer Cyclical,31.65884,13.81226,0.03158675428411148,0.67946,133.119,73228713984,-0.06484197739019142,-0.11452647374394993,0.04072982123831023,0.6465658676441143
CVS,CVS Health Corporation,Healthcare,9.763131,1.3501868,0.10242615816585889,0.022869999,106.06,101649670144,0.00873271887181552,0.12581026786314173,0.019442517244725743,0.30864039294377427
CVX,Chevron Corporation,Energy,20.396662,1.9835378,0.04902763010927965,0.07231,24.323,373399257088,0.2613668557247924,0.1969191965568791,0.012651637600576292,0.20083852061303278
CWAN,"Clearwater Analytics Holdings, Inc.",Technology,26.12853,3.3717744,0.03827234061770792,-0.026300002,42.358,6990323200,0.07639207926284529,0.1393082614392371,0.02412885762688225,0.3830337402048874
CZR,"Caesars Entertainment, Inc.",Consumer Cyclical,22.772726,1.448563,0.043912178102876225,-0.10840999,695.117,5112903680,0.09197901717004511,-0.08073397295190654,0.037013169374734554,0.5875658483991583
D,"Dominion Energy, Inc.",Utilities,16.494165,1.9756563,0.06062750069494273,0.09741,150.094,53916082176,0.020991307883701123,0.07986392692002411,0.011631695448836512,0.1846474409019794
DAL,"Delta Air Lines, Inc.",Industrials,7.884382,2.046729,0.12683302255015041,0.27693,102.498,42910683136,0.025027344402345816,0.06631997003903185,0.025009306216018375,0.3970104282590786
DASH,"DoorDash, Inc.",Consumer Cyclical,22.529821,7.6380715,0.04438561673437175,0.10439,32.749,76058312704,-0.09955094873029634,-0.28649981840356903,0.028999801621979508,0.46035757897179197
DBRG,"DigitalBridge Group, Inc.",Financial Services,38.625,1.3108773,0.025889967637540454,-0.0092,12.195,3014523648,0.6239618617287183,0.3729573862408483,0.04669516279118564,0.7412627290509235
DBX,"Dropbox, Inc.",Technology,7.4157825,-3.3774834,0.1348475363186555,,,6535563264,-0.15773509582546508,-0.136041471728048,0.017665647934910107,0.2804334671075634
DDOG,"Datadog, Inc.",Technology,42.36432,10.575233,0.023604769296426804,0.03343,34.269,39261097984,-0.2931817967263346,-0.20573216691356475,0.037471023201555015,0.5948340525746753
DELL,Dell Technologies Inc.,Technology,10.410317,-39.989197,0.09605855422077926,,,99243245568,0.11607266281983135,0.11344836606706457,0.03410203608617433,0.5413530401098062
DHR,Danaher Corporation,Healthcare,23.112509,2.8343828,0.0432666137631358,0.07053,37.487,148901412864,-0.07672414346611506,0.02929629612231746,0.017361021085309014,0.275597665787258
DIS,The Walt Disney Company,Communication Services,14.419658,1.7361124,0.06934977237324214,0.12024,40.909,188049965056,0.032171069096450455,-0.09250718511727127,0.016026199056333765,0.254408022988063
DKNG,DraftKings Inc.,Consumer Cyclical,12.612822,18.683386,0.0792843980514432,0.00452,299.278,11866896384,-0.25962734199601306,-0.5057018374692177,0.03114121939436872,0.4943515322448066
DOCN,"DigitalOcean Holdings, Inc.",Technology,32.24786,-179.67949,0.03100980964318252,,,5129049600,0.24218923214025642,0.6804556459119391,0.04639048433731558,0.7364261085382443
DOC,"Healthpeak Properties, Inc.",Real Estate,88.4,1.6384023,0.011312217194570135,0.01164,122.183,12288377856,-0.011668067869764348,0.02543165446137528,0.01434451438284413,0.22771210640996842
DOW,Dow Inc.,Basic Materials,54.6554,1.3768538,0.018296453781328104,-0.13818,111.871,22049822720,0.3043293819534537,0.28763484150690816,0.029093646503238323,0.46184732027755526
DOCU,"DocuSign, Inc.",Technology,10.950882,4.5557466,0.091316845528972,0.15224,7.589,9026291712,-0.345578656927511,-0.4031254347799949,0.028871430437146996,0.45831974958835076
DT,"Dynatrace, Inc.",Technology,18.775906,3.9141328,0.05325974682659788,0.06961,3.122,10829457408,-0.18677836409330764,-0.2941639103998139,0.021939503773811715,0.3482788252420133
DRH,DiamondRock Hospitality Company,Real Estate,20.08,1.412493,0.04980079681274901,0.06672,81.389,2050347136,0.11665064512047131,0.1974840977405722,0.01705521080710687,0.27074307812031584
DUK,Duke Energy Corporation,Utilities,18.27874,2.001254,0.054708366112762696,0.09724,171.39,101756977152,0.06914401014562645,0.08777885049720355,0.008929540597941866,0.1417520624652551
DVN,Devon Energy Corporation,Energy,10.141038,1.743641,0.0986092350704139,0.17736,55.951,27000104960,0.20357789074048585,0.22950776926844732,0.01983863722235947,0.31492860264475414
DX,"Dynex Capital, Inc.",Real Estate,10.132231,1.0418059,0.09869494684832984,0.17497,564.917,2800184576,0.04414872988997187,0.21147019313252238,0.010011671375384473,0.15893035600422784
DXC,DXC Technology Company,Technology,3.847047,0.6806877,0.25993963681753823,0.12933,126.663,2192346368,-0.03966434154897227,-0.1127554246024996,0.028962938369328145,0.45977239297759726
DXCM,"DexCom, Inc.",Healthcare,24.569212,10.290078,0.04070134605863631,0.34497002,50.852,28638894080,0.17431635596781428,-0.021976578125181005,0.026593940256322696,0.422165713797235
EBAY,eBay Inc.,Consumer Cyclical,13.624456,8.840241,0.07339742592291391,0.40847,155.623,41523019776,0.10535284651606748,-0.014370872815280312,0.0278077111792715,0.44143372986157825
ED,"Consolidated Edison, Inc.",Utilities,17.420977,1.6797539,0.057402061893543625,0.08767,117.317,40612474880,0.13245431992061574,0.164800352436073,0.010394020795813695,0.16499996488654023
EIX,Edison International,Utilities,11.486904,1.6835986,0.08705565920982712,0.24103001,215.738,28762492928,0.28303908943357764,0.40723553357272985,0.015729727134875176,0.24970167713870559
EL,The Est√©e Lauder Companies Inc.,Consumer Defensive,36.12013,9.821461,0.027685393158883978,-0.04341,232.945,39598260224,0.17268348162909603,0.2019320440586194,0.02797853290334952,0.4441454406642047
ELAN,Elanco Animal Health Incorporated,Healthcare,22.786516,2.0039473,0.0438856032225374,-0.0367,67.894,13117196288,0.1325611421442805,0.430894229097269,0.025070452812903554,0.3979811003923352
ENPH,"Enphase Energy, Inc.",Technology,15.621823,5.0970697,0.06401301563844373,0.17930001,114.421,5541547008,0.5194105291678996,0.12480038313445072,0.04940631649396792,0.7843009598327264
EOG,"EOG Resources, Inc.",Energy,11.167542,2.23624,0.08954521952995566,0.16829,30.62,67746861056,0.1794992966916768,0.01709492738147093,0.015260929624186806,0.24225974736754016
EPD,Enterprise Products Partners L.P.,Energy,11.80764,2.6764421,0.08469092892398482,0.19672,112.97,78252040192,0.12918181706577667,0.16950348389527445,0.009294256885896381,0.1475417540473887
EQH,"Equitable Holdings, Inc.",Financial Services,4.449962,-9.977673,0.22472102008960976,-0.38723,367.002,11524318208,-0.1409653677304637,-0.24000510342729742,0.01922001555989072,0.30510828819757624
ERAS,"Erasca, Inc.",Healthcare,-29.608114,11.141925,-0.03377452545609626,-0.32004002,13.882,4228955904,3.364217044078947,7.700636554806089,0.062253513269974456,0.9882438861144709
EQT,EQT Corporation,Energy,13.222934,1.6137253,0.075626180997349,0.09007,28.932,38342905856,0.04395137632244681,0.17982498660312668,0.020121225176116017,0.31941454733960883
ESI,Element Solutions Inc,Basic Materials,17.494442,3.1847887,0.057161011480103226,0.07508,64.063,8547166720,0.35849627557943126,0.3627349057828768,0.02245126089841032,0.35640271774213367
ESTC,Elastic N.V.,Technology,18.01057,6.8558264,0.05552295124474128,-0.10244001,74.802,5533605888,-0.2555047486816005,-0.4068800643375476,0.03336163506330818,0.5295995382480362
ETSY,"Etsy, Inc.",Consumer Cyclical,8.804933,-4.8493414,0.11357269839531998,,,5439078400,0.013293966446300282,0.018748879826553422,0.03835535454594016,0.6088723774576104
ET,Energy Transfer LP,Energy,11.7196245,2.0898502,0.08532696589383047,0.1193,142.294,64815529984,0.16819716607473795,0.108718701629025,0.009785367154471179,0.15533788786914302
EW,Edwards Lifesciences Corporation,Healthcare,26.15334,4.8548646,0.03823603409736576,0.10353,6.824,50766540800,-0.0032276516345461095,0.06450815766613234,0.014007860809326428,0.22236789660891418
EXC,Exelon Corporation,Utilities,16.295702,1.7566224,0.061365874265496514,0.09936,174.488,50602500096,0.06227188200306585,0.14035558707903528,0.011379936698788923,0.18065089464391706
EXE,Expand Energy Corporation,Energy,11.639896,1.3898082,0.08591142051441009,0.100659996,27.495,25703272448,-0.0913530250129421,0.11519917111929091,0.02087791162022895,0.3314265722490684
EXPD,"Expeditors International of Washington, Inc.",Industrials,22.464895,8.242682,0.0445138960142035,0.35431,24.197,19683258368,-0.01062574133956644,0.20212894520482366,0.021071073179949818,0.334492916948341
EXPE,"Expedia Group, Inc.",Consumer Cyclical,9.463322,20.577179,0.10567113747159824,0.48672,254.692,26429546496,-0.1627590772086923,0.006241340715470904,0.03128746954702615,0.4966731814436274
F,Ford Motor Company,Consumer Cyclical,7.7446094,1.5632975,0.12912207037839765,-0.20193,460.639,56211709952,0.07980285226468699,0.23034309270678902,0.0192816997708176,0.3060874946891669
FANG,"Diamondback Energy, Inc.",Energy,13.59471,1.3399943,0.07355802367244318,0.03735,33.784,49878376448,0.16589648836301427,0.1750294877272141,0.018576127031929526,0.29488687469537955
FAST,Fastenal Company,Industrials,34.362568,13.403203,0.029101433862568128,0.33291,11.205,52862173184,0.14875231254610935,-0.07263095251358981,0.015618864124856656,0.2479417814140752
FCX,Freeport-McMoRan Inc.,Basic Materials,19.028454,5.172859,0.05255287686535123,0.13946,34.103,97844690944,0.6192083638520993,0.5437105871557982,0.02932345905829595,0.46549548149061215
FE,FirstEnergy Corp.,Utilities,17.35243,2.3631575,0.05762881625224825,0.09195,192.755,29553369088,0.09056425551493234,0.19731618005478735,0.008789916433076653,0.13953559756176448
FHN,First Horizon Corporation,Financial Services,10.147673,1.3577218,0.09854475996615185,0.10935,,11714056192,0.07643326448993097,0.061622799980627835,0.01737564772288242,0.2758298564604758
FIG,"Figma, Inc.",Technology,104.486626,9.983016,0.009570602844425275,-0.88225996,3.871,15333235712,-0.18654861553311317,-0.5875666782403058,0.05694274993567658,0.9039381317876367
FIS,"Fidelity National Information Services, Inc.",Technology,7.432179,1.8845457,0.1345500424572659,0.026010001,95.893,26620411904,-0.21579530319851373,-0.2606189126604486,0.018816696824704014,0.2987058017631934
FISV,"Fiserv, Inc.",,6.8836718,1.289648,0.14527130709514652,,,33860417536,0.0245066068612476,-0.5485577413806584,0.0412385721849374,0.6546420385483793
FITB,Fifth Third Bancorp,Financial Services,9.991659,1.6392193,0.10008347963035968,0.121929996,,44525395968,0.1513930257971423,0.10380106518719934,0.016708415961885888,0.26523788062183273
FLG,"Flagstar Bank, National Association",Financial Services,7.702299,0.6909507,0.12983136593372965,-0.0217,,5278812160,0.043549003107959845,-0.005492485080999749,0.020985059304503815,0.33312748900595496
FLO,"Flowers Foods, Inc.",Consumer Defensive,11.752251,1.4680535,0.08509008189154572,0.06178,87.609,2086440832,-0.06722053367405821,-0.31014846289932413,0.021336133675341578,0.33870062186750605
FLR,Fluor Corporation,Industrials,16.099398,2.45184,0.062114123770342214,-0.01706,32.652,7666798080,0.23343554731191568,0.2571497381876402,0.0338437416883012,0.5372527436589254
FNB,F.N.B. Corporation,Financial Services,8.701665,0.89813393,0.11492053532283764,0.08652,,6084740096,0.027215703404935256,0.031558966580379676,0.016917137132620566,0.268551226488542
FROG,JFrog Ltd.,Technology,36.685093,5.411781,0.027259028619608515,-0.08648,1.404,4803101696,-0.3414794042640519,-0.19812259295800938,0.04488921579586771,0.71259420926747
FRSH,Freshworks Inc.,Technology,11.2968235,2.1412926,0.08852045887058428,0.16929,3.223,2278972160,-0.34887593483506196,-0.4220251052477957,0.029792713514900763,0.47294466505332267
FSLR,"First Solar, Inc.",Technology,7.660376,2.2186468,0.13054189507146907,0.1745,6.871,21161164800,-0.27555929929638373,0.0009135756363721133,0.0351017601840375,0.5572231681655524
FSLY,"Fastly, Inc.",Technology,52.514492,3.09185,0.0190423626301098,-0.12843001,46.278,2856528128,0.6094276645664157,1.4766841138422804,0.07651960525308373,1.2147110755229473
FTNT,"Fortinet, Inc.",Technology,23.853504,47.436974,0.04192256198502325,1.3571601,85.802,60558004224,-0.018870319241133374,-0.0032791289346492188,0.026747443813912187,0.4246025072297079
GAP,"The Gap, Inc.",Consumer Cyclical,12.081677,2.8600574,0.0827699664541603,0.25096,151.248,10428685312,0.024776227647685292,0.311566550486713,0.02540671751897107,0.4033191371139925
GDDY,GoDaddy Inc.,Technology,6.662081,54.611534,0.15010324851949414,1.92901,1795.723,12067217408,-0.31397086526159307,-0.4105234458114335,0.024234770494691964,0.3847150548580843
GEN,Gen Digital Inc.,Technology,7.8609066,5.8653846,0.12721179004976346,0.26902,363.379,13919282176,-0.13527295341119144,-0.2453767995126814,0.017954272750310387,0.2850152440100698
GE,GE Aerospace,Industrials,40.13575,19.218372,0.024915443214590483,0.44692,114.07,361020620800,0.15518655171770918,0.24300767892933886,0.017021183890425038,0.27020291756378123
GILD,"Gilead Sciences, Inc.",Healthcare,15.41123,8.142459,0.0648877474413139,0.40655,112.923,184799232000,0.17585900996119513,0.3412845108199055,0.01746920701729224,0.2773150642155582
GFS,GLOBALFOUNDRIES Inc.,Technology,19.843588,2.2164733,0.05039411219382301,0.077870004,13.669,26422665216,0.3481712112253117,0.416021341401073,0.03062477294773088,0.48615319906508636
GIS,"General Mills, Inc.",Consumer Defensive,12.992908,2.5904927,0.07696506432586146,0.27173,147.23,24133916672,-0.02762254367888836,-0.04123155222869212,0.014796824636969743,0.2348923090971332
GLW,Corning Incorporated,Technology,38.89376,10.915294,0.02571106521971648,0.14904,76.192,129018241024,0.7988039189900653,1.1980045499855534,0.029322538196016268,0.46548086325510946
GLXY,Galaxy Digital,Financial Services,44.704506,2.0612674,0.022369109726880776,-0.11895,175.662,8052830720,-0.21532010929165912,-0.1599347221414848,0.05657744519512512,0.8981390988101239
GM,General Motors Company,Consumer Cyclical,5.674273,1.1641768,0.17623403033304882,0.04318,208.299,73425510400,0.08319086500386011,0.3518736392963197,0.021378603585238836,0.33937481078625487
GME,GameStop Corp.,Consumer Cyclical,29.666668,2.0295608,0.03370786365357916,0.083459996,82.812,10765668352,0.11095707901053134,0.05440981664346157,0.022265843959668904,0.3534593150895216
GNW,"Genworth Financial, Inc.",Financial Services,9.377777,0.37791607,0.1066350799341891,0.03636,15.491,3370771968,-0.030998904314713836,-0.016317056476415678,0.014417851562111497,0.2288762980391469
GOOG,Alphabet Inc.,Communication Services,23.211578,9.065583,0.04308194815535592,0.35705003,16.133,3767368679424,-0.0269976655429796,0.46871848100916036,0.01741454833189637,0.276447384484275
GOOGL,Alphabet Inc.,Communication Services,23.236176,9.07519,0.04303634126372601,0.35705003,16.133,3771360870400,-0.024960416688738257,0.4753494688916255,0.017699976280090436,0.2809784126931686
GPK,Graphic Packaging Holding Company,Consumer Cyclical,8.954458,1.0819179,0.11167621758904893,0.13984,166.946,3609416192,-0.23639413189644895,-0.44196937222139643,0.026704278099011172,0.42391727274895347
GPN,Global Payments Inc.,Industrials,4.708812,0.7906683,0.21236779043206652,0.04824,93.316,21409697792,0.022996525282550466,-0.12813550598731444,0.025535772277292236,0.4053678178901566
GT,The Goodyear Tire & Rubber Company,Consumer Cyclical,6.917659,0.7304764,0.1445575735953449,-0.41332,213.224,2361538048,-0.022511799742846905,-0.031690192870546106,0.02992570368554287,0.475055818563333
GTLB,GitLab Inc.,Technology,25.606571,4.797519,0.039052476022658406,-0.05608,,4428919808,-0.35173775117341666,-0.4635390429681573,0.03630696081041237,0.5763551349895154
HAYW,"Hayward Holdings, Inc.",Industrials,17.089453,2.183108,0.058515623642254676,0.10049,63.929,3469811712,-0.03381639396149068,-0.01234572552595136,0.02036545244322054,0.3232915350124459
HAL,Halliburton Company,Energy,13.390118,2.8735633,0.07468194081635428,0.12274,79.162,30298558464,0.40476428642878576,0.6130074541813629,0.023283463023841298,0.3696135169287122
HBAN,Huntington Bancshares Incorporated,Financial Services,8.768267,1.2187159,0.11404762195311799,0.10095,,34100510720,0.04167153026304103,-0.039322389276057065,0.017435575996134205,0.27678118830563025
HD,"The Home Depot, Inc.",Consumer Cyclical,23.315361,29.506317,0.04289017871093654,1.45541,510.029,379011137536,0.07795993636325617,-0.05422430928361665,0.014187390055917721,0.2252178350461743
HIMS,"Hims & Hers Health, Inc.",Healthcare,9.683163,6.10084,0.10327204034466836,0.25228,207.161,3309670912,-0.6218750031044085,-0.6708975337877826,0.04622610189069324,0.733816618096242
HL,Hecla Mining Company,Basic Materials,22.85363,6.443352,0.04375672486165218,0.13893,11.0,16698414080,0.5597995886600303,2.0876642743204723,0.04919545498262638,0.7809536371122168
HOOD,"Robinhood Markets, Inc.",Financial Services,27.097124,7.4795384,0.036904285488009725,0.21993999,136.04,68288393216,-0.4083463316715694,-0.26849265417866247,0.04395788680935108,0.6978098199448171
HPE,Hewlett Packard Enterprise Company,Technology,7.8646126,1.146473,0.12715184470751936,0.0023,97.265,28652425216,0.0032105695686238302,-0.06246690326132494,0.023604878232410094,0.37471582518551416
HPQ,HP Inc.,Technology,6.321508,-22.742516,0.15819010274130793,,,17749987328,-0.19865882267530888,-0.31536797815334183,0.021551477766336178,0.34211910333397993
HR,Healthcare Realty Trust Incorporated,Real Estate,-307.50003,1.4050721,-0.003252032203053769,-0.04998,88.769,6566035968,0.0225582810652198,0.09121837331524772,0.013611957921849953,0.21608313310734334
HRB,"H&R Block, Inc.",Consumer Cyclical,5.489915,-4.715848,0.18215218268406705,,,3881383168,-0.2587738188131109,-0.3780024227906913,0.021813077819863982,0.34627187544155447
HRL,Hormel Foods Corporation,Consumer Defensive,16.191874,1.7718716,0.061759373868645474,0.061160002,35.929,14082746368,0.11610062671332493,0.04085127285033667,0.01874405517531818,0.2975526513285906
HSIC,"Henry Schein, Inc.",Healthcare,13.940755,2.9394555,0.07173212641639568,0.08701,71.736,9991303168,0.09488371281924834,0.19353905326097767,0.018676326424896285,0.2964774907472376
HST,"Host Hotels & Resorts, Inc.",Real Estate,20.070488,2.0545359,0.049824398888557164,0.11489,83.779,13645932544,0.12582816446462228,0.1685379068785556,0.015604221944700174,0.24770934401000005
HTGC,"Hercules Capital, Inc.",Financial Services,7.2153225,1.1575432,0.1385939436525533,0.16156,103.91,2610312192,-0.1796730223809848,-0.22487403646793552,0.015056597950442185,0.23901608260532903
HUN,Huntsman Corporation,Basic Materials,50.68515,0.7940493,0.019729644678964153,-0.07124,81.197,2197964288,0.2654560240092021,0.19882720963306966,0.03579266964544559,0.5681910158456367
HUT,Hut 8 Corp.,Financial Services,-22.845493,4.121245,-0.043772309925638284,-0.18576,23.623,5750789632,0.2563134501799354,1.0079215044383087,0.06647004412725704,1.0551792383772691
HYMC,Hycroft Mining Holding Corporation,Basic Materials,-193.73077,57.89655,-0.005161802639818135,-3.7460501,282.689,4181988608,3.792578290670851,10.879717370503842,0.08175981375600051,1.2978968066240106
IBKR,"Interactive Brokers Group, Inc.",Financial Services,25.854462,5.911809,0.0386780432716024,0.23507999,120.995,121018556416,0.1104175096035301,0.1368054918904826,0.024017326287490155,0.3812632350803588
IBRX,"ImmunityBio, Inc.",Healthcare,244.5,-19.757574,0.00408997955010225,,,9632959488,3.5915489237136704,3.1974249155404713,0.07349829679407216,1.166749290623585
IBM,International Business Machines Corporation,Technology,17.90178,6.890311,0.055860366957922625,0.35158002,197.328,224532758528,-0.20325985008185837,-0.011469722027403477,0.02228008033574745,0.35368531055356933
ICE,"Intercontinental Exchange, Inc.",Financial Services,19.250439,3.218488,0.05194686728962389,0.11885,70.077,93583409152,0.0532956788769467,-0.06808369657807169,0.014659691288835599,0.23271538468343367
INTC,Intel Corporation,Technology,46.01586,1.9930955,0.021731637744029992,0.00022,37.282,227830087680,0.23906544169394522,0.8295226655445469,0.04304982734171982,0.6833948227827569
INTU,Intuit Inc.,Technology,15.496143,5.9363165,0.06453218713843825,0.23457001,,113873952768,-0.34865080845357105,-0.38561472196593094,0.022509172285422454,0.35732203251081124
INVH,Invitation Homes Inc.,Real Estate,33.795227,1.6881369,0.029589977306558705,0.060939997,88.124,16146962432,-0.0464650060720789,-0.13059819910271803,0.013800824953604482,0.21908130428863185
IONQ,"IonQ, Inc.",Technology,-38.792843,3.6616087,-0.025777950845211322,-0.24400999,0.787,14107645952,-0.18187638201434553,-0.11385682198710491,0.05991397329734816,0.9511048404152866
IOT,Samsara Inc.,Technology,49.709312,12.793271,0.020116955149168027,-0.03679,5.803,16675416064,-0.22623826508174075,-0.20713308604606795,0.03519827115721648,0.5587552323684748
IRT,"Independence Realty Trust, Inc.",Real Estate,69.041664,1.13431,0.01448400780143422,0.01611,63.657,4060555008,-0.020488837119049797,-0.05395476860613091,0.01427644574889112,0.2266315503448271
IP,International Paper Company,Consumer Cyclical,14.974383,1.5491605,0.06678071477135318,-0.24678,69.583,22996068352,0.11749222768105483,-0.09051024971039635,0.025339506430337284,0.402252194158767
ITRI,"Itron, Inc.",Technology,13.742653,2.4589734,0.07276615366770885,0.19262,73.857,4222226432,-0.04677354631234568,-0.2391480855675993,0.02833881062001996,0.44986467211157377
IVZ,Invesco Ltd.,Financial Services,8.620351,1.1994702,0.11600455712302203,-0.01219,17.161,11688139776,0.07916579791845316,0.21059874672044213,0.01947666311476364,0.30918244182629556
JBLU,JetBlue Airways Corporation,Industrials,-17.65906,0.96684116,-0.05662815574554931,-0.25289,444.151,2050462976,0.22566371354661668,0.05927341140516069,0.0347611833966166,0.5518166792745304
JNJ,Johnson & Johnson,Healthcare,19.807577,7.3358917,0.05048573078877846,0.35029998,60.499,598691217408,0.20326980358252897,0.4325242527096446,0.009478054364451611,0.1504594485665359
JOBY,"Joby Aviation, Inc.",Industrials,-15.049518,9.814634,-0.06644731080423971,-1.2573301,5.087,9704345600,-0.2875353752725351,-0.2950245201888903,0.04823152574213104,0.7656517348013325
JPM,JPMorgan Chase & Co.,Financial Services,12.782901,2.3647902,0.07822950361580677,0.16134001,,809918791680,-0.019455970217667713,0.00681270907629651,0.014243182133192978,0.22610350681576244
KD,"Kyndryl Holdings, Inc.",Technology,5.125711,2.3339012,0.1950948853729756,0.19896999,303.667,2828502016,-0.5153302018528122,-0.6086956574375246,0.05541312674517385,0.8796561164173924
KDP,Keurig Dr Pepper Inc.,Consumer Defensive,12.0700445,1.6123536,0.08284973597239016,0.08356,75.384,41137897472,0.10298770399147482,0.051753444570754405,0.019439653016265605,0.3085949247265527
KEY,KeyCorp,Financial Services,9.764779,1.2786684,0.10240887172152077,0.09482,,22863796224,0.13972186498041547,0.09536519399188419,0.015921188958225724,0.25274103935959674
KEYS,"Keysight Technologies, Inc.",Technology,30.266083,8.509053,0.033040284730600916,0.17222999,44.674,52804554752,0.5664915783058427,0.8454932374050621,0.026625905680706618,0.42267314917807003
KHC,The Kraft Heinz Company,Consumer Defensive,11.463948,0.69936633,0.08722998394619376,-0.12837,52.1,29131960320,-0.02341270375894505,-0.08220867798061736,0.015872533443809175,0.2519686570132481
KIM,Kimco Realty Corporation,Real Estate,27.304346,1.5276335,0.036624206271045644,0.055370003,78.678,15947919360,0.15686826767648943,0.07675033884502638,0.011891413127232605,0.1887703312307181
KKR,KKR & Co. Inc.,Financial Services,11.031983,2.871459,0.09064553489612882,0.08946,74.351,81193467904,-0.2730303810659356,-0.37200758898395153,0.024327550645341037,0.3861878940894077
KMI,"Kinder Morgan, Inc.",Energy,22.606203,2.375241,0.044235646295841896,0.09826,99.71,74019307520,0.2464867072022922,0.2577892811323193,0.01242686620543629,0.1972703853327439
KMB,Kimberly-Clark Corporation,Consumer Defensive,14.427889,24.627625,0.06931020886007648,1.26603,464.785,36989427712,0.041594869818682594,-0.1150915707731292,0.017005980707210825,0.26996157451225306
KO,The Coca-Cola Company,Consumer Defensive,23.551018,10.906659,0.04246100954107377,0.43323,139.793,350839209984,0.1269602251763143,0.21068976221504532,0.010039907857053693,0.15937859625460496
KR,The Kroger Co.,Consumer Defensive,12.897982,5.53088,0.07753150841736327,0.07997,357.991,45221158912,0.023157168652406253,0.02205793710820897,0.015960715376518272,0.2533685017977119
KTOS,"Kratos Defense & Security Solutions, Inc.",Industrials,80.07581,7.2904153,0.012488165901787317,0.01314,7.304,14678966272,0.13738952254608525,0.25791851726714227,0.0447032230917286,0.7096416666225229
KRC,Kilroy Realty Corporation,Real Estate,77.13598,0.65117705,0.012964118690136561,0.05382,83.67,3568071168,-0.29819723183639524,-0.26619813793811686,0.017289561860336124,0.27446328575829987
KVUE,Kenvue Inc.,Consumer Defensive,15.940241,3.4033465,0.06273430872218305,0.14388,80.576,36633624576,0.12308812663606974,-0.04658250019521288,0.024125003490465476,0.3829725576860212
KVYO,"Klaviyo, Inc.",Technology,17.377157,4.425521,0.057546812749634475,-0.02848,10.091,5306117120,-0.38675589215545586,-0.46447244705391183,0.039302735674851166,0.6239115866409752
LBRT,Liberty Energy Inc.,Energy,-71.43765,2.1887176,-0.013998220826132998,0.07288,29.741,4552027136,0.591789759778608,1.5124556538291694,0.04130776663186099,0.6557404663403782
LCID,"Lucid Group, Inc.",Consumer Cyclical,-2.1551726,4.564126,-0.46399995991040344,-0.66019994,106.529,3241684480,-0.25261585093657163,-0.5169082303656894,0.04323610470760987,0.6863518842929084
LMND,"Lemonade, Inc.",Financial Services,-136.1579,7.359886,-0.007344414095693308,-0.2937,29.629,3866583296,-0.33264539541972593,-0.030359799725536252,0.0594992013664614,0.944520540135668
LITE,Lumentum Holdings Inc.,Technology,49.3761,59.113598,0.02025271335727204,0.29275,392.476,50044973056,1.2736148174384974,4.17085914691495,0.05229400342887393,0.8301415687965564
LOW,"Lowe's Companies, Inc.",Consumer Cyclical,19.275927,-14.966907,0.05187817945149927,,,148410941440,0.09994703540025955,0.03698394620582159,0.015399879602127253,0.24446550988539015
LNC,Lincoln National Corporation,Financial Services,3.9544237,0.65713847,0.2528813490572596,0.12276,64.671,6514909696,-0.16188102481330344,-0.1804667841889427,0.02307120671096431,0.36624405242025604
LRCX,Lam Research Corporation,Technology,33.960247,28.84326,0.029446193368381564,0.65565,44.195,293772853248,0.5100880307498791,1.2551415269777526,0.0316434623725371,0.5023243923525785
LTH,"Life Time Group Holdings, Inc.",Consumer Cyclical,14.342629,1.9093417,0.06972222456566365,0.13028,134.244,5953830400,-0.03225805128443525,-0.03846153584901841,0.021477011565661203,0.340936989045585
LUNR,"Intuitive Machines, Inc.",Industrials,335.02744,-4.806066,0.0029848301380925694,-1.77462,152.254,2345282304,0.773950442401202,0.8516854211908157,0.06782401388449313,1.0766728419393643
LUMN,"Lumen Technologies, Inc.",Communication Services,-25.79826,-6.528926,-0.038762304124386686,,,7295862272,-0.1211372065005458,0.41633469333243917,0.057603651825118875,0.9144296240304988
LVS,Las Vegas Sands Corp.,Consumer Cyclical,15.228154,24.074703,0.06566784128923309,0.73263,829.059,38350348288,-0.16460171342856175,-0.008009348810339732,0.023873517907946767,0.37898034782804485
LUV,Southwest Airlines Co.,Industrials,10.181599,3.1821706,0.09821639999768209,0.04812,74.94,25475057664,0.41114346741943897,0.5085620847229446,0.02701725350385162,0.428885603275079
LYFT,"Lyft, Inc.",Technology,7.40008,1.6948322,0.13513367423054887,1.40774,40.211,5527051264,-0.3134920507271483,-0.14223737488307367,0.03588111419214681,0.5695950294979844
M,"Macy's, Inc.",Consumer Cyclical,9.043402,1.215137,0.11057785554595494,0.11257,121.141,5259167744,-0.11144902869947072,0.507973214993944,0.030816835689318398,0.4892021005672573
MA,Mastercard Incorporated,Financial Services,22.866095,59.765427,0.04373287174744966,2.09915,256.042,461577715712,-0.04944315831013393,-0.12161162570028251,0.013280521295999301,0.21082173978306823
MARA,"MARA Holdings, Inc.",Financial Services,-33.111107,0.65614676,-0.030201346031710753,0.23066,70.386,3380967936,-0.19531954485612865,-0.4398496516907731,0.051089583208866196,0.8110219905396074
MAT,"Mattel, Inc.",Consumer Cyclical,11.000137,2.2877584,0.0909079586917872,0.17682,120.162,5461290496,-0.2019773566105301,-0.08179839633921299,0.028231784499708923,0.44816568512278726
MCHP,Microchip Technology Incorporated,Technology,28.1149,6.156892,0.03556832853753704,-0.010930001,82.382,40390352896,0.4281811956314348,0.16102203306496585,0.02703637108766905,0.4291890855097751
MCW,"Mister Car Wash, Inc.",Consumer Cyclical,13.113305,2.0631702,0.07625842607946662,0.09672,156.231,2338770944,0.33834579996556374,0.25573188531822616,0.025851502329015695,0.4103798770798956
MDT,Medtronic plc,Healthcare,16.015509,2.5586212,0.06243947663480442,0.0939,57.06,125260292096,-0.06324424396690276,0.0779079385794612,0.012304889095210917,0.195334058736952
MDLZ,"Mondelez International, Inc.",Consumer Defensive,18.154856,3.0544121,0.0550816817274673,0.09332,84.848,79460278272,0.08629491427815059,0.02230857759789819,0.014109400170609776,0.22397978399835464
META,"Meta Platforms, Inc.",Communication Services,18.065216,7.548651,0.055354998246353655,0.30238,39.164,1639607173120,0.02382959499281087,-0.13575044450361756,0.022407608501168214,0.35570975741872723
MET,"MetLife, Inc.",Financial Services,6.559367,1.6631283,0.1524537352460992,0.12020001,225.974,47486320640,-0.04904414246641756,-0.09516438052533645,0.015638218733445758,0.24824902630037374
MGM,MGM Resorts International,Consumer Cyclical,14.66872,3.9183588,0.06817227406344929,0.1489,963.089,10081446912,0.05980454008218161,-0.06895679544618227,0.02344224057343568,0.372134032388754
MIR,"Mirion Technologies, Inc.",Industrials,31.432728,2.832984,0.03181397427547491,0.01715,64.359,5425032192,-0.16402319955699338,0.0359539778550064,0.037285885189003255,0.591895077738055
MNST,Monster Beverage Corporation,Consumer Defensive,33.194668,10.759335,0.030125320126714327,0.25538,,83339911168,0.13672710569100566,0.37536282525260684,0.014266823648101414,0.22647880423014974
MO,"Altria Group, Inc.",Consumer Defensive,11.896208,-33.00191,0.08406039975091223,,,115895492608,0.19787884153030783,0.07557481114587587,0.013860529047188529,0.22002907739188735
MOS,The Mosaic Company,Basic Materials,11.571842,0.7312076,0.08641666555765279,0.048249997,41.31,8836635648,0.15809171409606396,-0.16680168774829818,0.025946588477844902,0.4118893228974693
MP,MP Materials Corp.,Basic Materials,48.07009,5.2765083,0.02080295668262739,-0.04982,41.747,10433558528,-0.02128017558642011,-0.1990476335797991,0.048284483017733776,0.7664924054894706
MPT,"Medical Properties Trust, Inc.",Real Estate,42.666668,0.7465975,0.023437499267578148,-0.05845,210.491,3464640256,0.014843336301513318,0.35433110063039047,0.024398503123836686,0.3873142297674265
MRNA,"Moderna, Inc.",Healthcare,-11.624727,2.4401019,-0.0860235255417181,-0.28868,15.087,20931600384,1.1419431909065305,1.1892113280766794,0.04259008164424259,0.6760965860916168
MRK,"Merck & Co., Inc.",Healthcare,12.654115,5.8246307,0.0790256766277215,0.36882,95.959,309275525120,0.19352283987415062,0.5155852060869441,0.017574163244629983,0.2789811926720575
MRVL,"Marvell Technology, Inc.",Technology,24.149847,4.9317803,0.04140812983204407,0.18040001,33.988,69281292288,-0.06807136231763468,0.059211557864057754,0.03416843787266709,0.5424071357918278
MRSH,"Marsh & McLennan Companies, Inc.",Financial Services,16.482008,5.996211,0.060672219064570286,0.29352,140.052,91485741056,0.027301806404258628,-0.08675163020994084,0.014696332680684383,0.2332970487465726
MS,Morgan Stanley,Financial Services,13.553927,2.5868847,0.07377935560668138,0.15614,455.747,264635891712,-0.0030493041333935576,0.12163531985994873,0.016788025075792582,0.2665016361267807
MSFT,Microsoft Corporation,Technology,20.835466,7.464411,0.04799508683895047,0.34390998,31.539,2918992052224,-0.1892143931993648,-0.2261730951388956,0.01581044830117182,0.2509830859280657
MSTR,Strategy Inc,Technology,1.8800814,0.9158869,0.5318918638310023,-0.111099996,16.158,43220975616,-0.26269642194252796,-0.6178137132581514,0.04691964405702535,0.7448262586713525
MTDR,Matador Resources Company,Energy,8.294123,1.1288269,0.12056729807358775,0.1503,58.74,6399013376,0.2335014107148415,0.03458037276737194,0.024890143968423754,0.3951187862222614
NCLH,Norwegian Cruise Line Holdings Ltd.,Consumer Cyclical,9.550226,5.146357,0.10470956394120935,0.39870998,699.717,11285833728,0.3524277697059135,-0.023631291396001945,0.032826094327481604,0.5210980926243862
MU,"Micron Technology, Inc.",Technology,9.255576,7.8958755,0.10804297863255621,0.22554001,21.244,464126246912,0.7916120980693406,2.38356498738632,0.03920002254710838,0.622281066286641
NDAQ,"Nasdaq, Inc.",Financial Services,20.052479,4.082032,0.04986914585473447,0.15253,77.878,50007781376,-0.023753271118963148,-0.0750655934504125,0.015791648617385093,0.25068465019990765
NEE,"NextEra Energy, Inc.",Utilities,21.399637,3.5768232,0.0467297646217083,0.083739996,146.242,195371843584,0.09621224736327004,0.30954322158631903,0.013068592133380668,0.2074574686239618
NEM,Newmont Corporation,Basic Materials,12.192193,4.1783175,0.08201969899918743,0.22343999,16.738,141864189952,0.4361467611693472,0.7926740842394884,0.028785385679243578,0.45695383140215157
NET,"Cloudflare, Inc.",Technology,119.17418,41.521584,0.008391079342857655,-0.08164,241.126,60591423488,-0.125894727449096,-0.1931871243617058,0.03222780055893209,0.5116004734891364
NFLX,"Netflix, Inc.",Communication Services,25.203745,15.266498,0.039676643292494825,0.42762002,63.782,408239439872,-0.09327305052579855,-0.21848227303363804,0.0224948137892336,0.3570940984501118
NI,NiSource Inc.,Utilities,21.316772,2.394694,0.04691141792012411,0.0907,139.284,22383898624,0.08831107163357986,0.13771063212645557,0.011224529337354459,0.17818387926233112
NIO,NIO Inc.,Consumer Cyclical,-10.173263,22.14122,-0.09829687878903749,-1.6002901,228.656,12314569728,-0.108058635250143,-0.25192016676847984,0.03933349615985252,0.6243998942021032
NKE,"NIKE, Inc.",Consumer Cyclical,26.866575,6.5328856,0.03722097066708354,0.17950001,80.099,92050235392,-0.02725052074555773,-0.19273380320849914,0.020706744432056556,0.3287093773739583
NLY,"Annaly Capital Management, Inc.",Real Estate,7.845652,1.1498688,0.1274591327782573,0.14220001,719.532,16695312384,0.05727952931637584,0.18143392860172933,0.0112543083229302,0.17865660600310626
NOW,"ServiceNow, Inc.",Technology,21.558496,8.725261,0.04638542503150498,0.15488,18.536,113965998080,-0.32722494851451495,-0.4184255792251736,0.02394469754163378,0.38011028948293596
NOV,NOV Inc.,Energy,15.728593,1.1662445,0.06357847774432207,0.02369,37.014,7389893120,0.34881719332323696,0.5506812394442522,0.025112816210656724,0.3986535984832148
NRG,"NRG Energy, Inc.",Utilities,15.895448,33.04284,0.06291109253416449,0.41548002,989.054,38635569152,0.06513994152971425,0.21067847224595007,0.027568640047949684,0.43763859330678395
NTNX,"Nutanix, Inc.",Technology,17.751396,-12.352371,0.05633359765057351,,,10350909440,-0.2081092540657026,-0.4205267908866729,0.02913397335475014,0.4624874891991062
NVDA,NVIDIA Corporation,Technology,16.620033,27.377935,0.06016835225297086,1.01485,7.255,4314045087744,-0.016976158442903882,-0.01642970556901071,0.021685943117773367,0.3442536746131261
NWSA,News Corporation,Communication Services,19.552286,1.5405594,0.05114491471738906,0.06329,30.892,14120938496,-0.050429984832924685,-0.17324130907092777,0.016914295674036246,0.2685061197318932
O,Realty Income Corporation,Real Estate,37.326946,1.5866625,0.02679029781863215,0.02702,73.505,62696923136,0.18901169782412727,0.18489958105364,0.00947539385824184,0.15041721433978034
OBDC,Blue Owl Capital Corporation,Financial Services,8.56926,0.7622713,0.11669619080293982,0.09399,125.723,5769734656,-0.11445920209925063,-0.1575915065373274,0.014533711218039402,0.23071551305857138
OGN,Organon & Co.,Healthcare,1.9561123,2.5233645,0.5112180931534452,0.30556,1170.213,1895275392,-0.055808168503256296,-0.2017738014210377,0.03722833516395189,0.5909814994126663
OKE,"ONEOK, Inc.",Energy,13.60854,2.3180327,0.0734832685945737,0.15489,146.453,52124901376,0.1733140550184706,0.12285795607443747,0.015560122307315427,0.24700928396943106
OKLO,Oklo Inc.,Utilities,-94.96154,8.155202,-0.010530579011250239,-0.10425,0.138,9835753472,-0.29046438348955017,-0.1918089452276271,0.06728716455919442,1.0681506231018452
OKTA,"Okta, Inc.",Technology,19.72435,1.8640885,0.05069875559904382,0.02964,6.137,12849190912,-0.10004962515957709,-0.21697804441611357,0.023737713160194667,0.3768245142915614
OMC,Omnicom Group Inc.,Communication Services,6.6913013,2.2168794,0.14944776137938967,0.00479,86.307,26832547840,0.20466902647848517,0.11810753890101489,0.023999253237314815,0.3809763343031808
ON,ON Semiconductor Corporation,Technology,16.530613,3.4372578,0.06049382439719568,0.01498,42.294,26750117888,0.3392426304259151,0.30917693885486364,0.030537900577393504,0.4847741429387939
ONDS,Ondas Inc.,Technology,-111.99999,6.833898,-0.008928572225765378,-0.17007999,3.701,4536927744,0.2233009955943486,0.768421098422037,0.08925189104940136,1.416829846553686
OPCH,"Option Care Health, Inc.",Healthcare,15.230712,3.838694,0.06565681236701212,0.15204,96.001,5268097536,0.04642161848674577,0.12904344641644022,0.020577339979470047,0.32665514537342816
OPEN,Opendoor Technologies Inc.,Real Estate,-107.34799,5.1619053,-0.00931549812902878,-1.5133901,131.343,5169531392,-0.3033419112944394,0.26932086662864624,0.10738598741502343,1.7046997019595833
ORCL,Oracle Corporation,Technology,18.32968,13.947242,0.05455632613335312,0.69026,432.511,417892827136,-0.2887181057392165,-0.39232136059736966,0.04338289832242513,0.6886821606860287
ORLY,"O'Reilly Automotive, Inc.",Consumer Cyclical,26.275574,-103.50606,0.038058160023449916,,,79244484608,-0.07516505489353384,-0.09722089449021828,0.013340860285278835,0.21177959154303605
OSCR,"Oscar Health, Inc.",Healthcare,10.133579,4.1484184,0.09868181814144836,-0.44353,50.86,4061282816,-0.2488986531975923,-0.2088166749181992,0.0458637433018682,0.7280643538274858
OTIS,Otis Worldwide Corporation,Industrials,19.145922,-6.691245,0.05223044364225447,,,36072095744,0.0498549442903866,0.08311614362134506,0.011291481404872338,0.1792467103848146
OWL,Blue Owl Capital Inc.,Financial Services,9.541899,3.1921332,0.10480094161550021,0.05151,63.8,16491900928,-0.2705729355720543,-0.41582348807939473,0.027121783965862442,0.4305449729165469
OXY,Occidental Petroleum Corporation,Energy,26.990335,1.8862829,0.03705029967208632,0.05929,63.804,52351033344,0.2889518628779265,0.1297359427904598,0.020338279113251152,0.3228601717720909
PANW,"Palo Alto Networks, Inc.",Technology,37.39031,11.145872,0.026744897274186816,0.16259001,4.887,121518718976,-0.19654710944128384,-0.22039579709916862,0.02075619013236484,0.3294943035324612
PATH,"UiPath, Inc.",Technology,14.067149,2.9805555,0.07108760986323526,0.12562001,4.261,5737864192,-0.2104489020043862,-0.047069331782610364,0.04475442052945359,0.7104544007504272
PAYX,"Paychex, Inc.",Technology,15.84774,8.664077,0.06310047994225045,0.40884998,129.814,33617303552,-0.1506702636584656,-0.31128608555724874,0.014824186327210158,0.23532666246409234
PCAR,PACCAR Inc,Industrials,18.654436,3.4389744,0.0536065523503364,0.12922,81.937,66310025216,0.2198742103083774,0.2759066038479464,0.01600815660164051,0.254121607899106
PCG,PG&E Corporation,Utilities,10.568414,1.3488569,0.09462157708810423,0.08207,187.043,41761390592,0.19045996890084138,0.27357948950177735,0.017131004959801674,0.2719462729934957
PEP,"PepsiCo, Inc.",Consumer Defensive,18.592945,11.370579,0.05378384112898737,0.42848,258.081,232092319744,0.15826617437589025,0.17755416455659756,0.013093098815379529,0.20784650014013176
PFE,Pfizer Inc.,Healthcare,9.759455,1.6941365,0.10246473804121234,0.085760005,66.531,157209821184,0.09347209088017389,0.16293483317434784,0.0165598332889537,0.2628792038115618
PG,The Procter & Gamble Company,Consumer Defensive,22.808252,7.4334235,0.043843780750931725,0.31562,68.719,391329153024,0.13583224424538645,0.08939709745810104,0.01086682977357139,0.17250557472325342
PINS,"Pinterest, Inc.",Communication Services,8.813813,2.3988237,0.11345827282698193,0.087790005,5.522,11572304896,-0.3300743306526519,-0.5332425393825907,0.03391223864656129,0.5383400991616488
PK,Park Hotels & Resorts Inc.,Real Estate,21.44076,0.7220839,0.04664013775631087,-0.08306,131.567,2261021696,0.06904489307157764,0.006342060387676993,0.01996390229690805,0.3169171240560592
PL,Planet Labs PBC,Industrials,-362.40802,21.650223,-0.0027593208340146555,-0.31826,131.982,8233912832,1.059726863450685,2.3481274981868947,0.06399073559052769,1.0158214355077573
PLNT,"Planet Fitness, Inc.",Consumer Cyclical,20.117695,-13.689385,0.04970748388421238,,,6919786496,-0.2654684887713373,-0.2308052511378013,0.021095571100876665,0.33488180938680434
PLTR,Palantir Technologies Inc.,Technology,74.2318,44.412434,0.013471315527846556,0.25983,3.063,328113979392,-0.17240755923538714,-0.13236777967435048,0.0318093777788529,0.5049582177752935
PM,Philip Morris International Inc.,Consumer Defensive,20.32714,-29.101246,0.04919531227708374,,,290834448384,0.20476729685249503,0.14800995584638757,0.014456219949968258,0.22948537731399965
PPL,PPL Corporation,Utilities,18.458187,1.9672959,0.05417650173335009,0.08157,131.147,29285939200,0.07048226199793643,0.0831500942342224,0.010267015693998863,0.16298382139870932
PR,Permian Resources Corporation,Energy,13.122964,1.3374772,0.07620229698107836,0.09967,31.908,13624652800,0.28747131822704014,0.2941138921354929,0.02082269695060505,0.3305500665417838
PRMB,Primo Brands Corporation,Consumer Defensive,14.439698,2.7581177,0.06925352593939292,0.02498,191.312,8398082560,0.45105567108865247,-0.08742508922294019,0.033375950814994323,0.5298267937607911
PSKY,Paramount Skydance Corporation,Communication Services,13.50703,1.2986639,0.07403552076215127,-0.00863,117.11,14903787520,-0.1411169759340165,-0.07433986349673248,0.05122023421427206,0.8130960109526743
PSTG,Everpure,Technology,22.66415,14.678858,0.044122545959146935,0.13675,14.951,21203623936,-0.25125330845055327,-0.20263222633857556,0.047607699491603865,0.7557488000800798
PTEN,"Patterson-UTI Energy, Inc.",Energy,-35.36844,1.0029465,-0.028273794377133964,-0.02777,39.708,3230184960,0.5191574527460622,0.5242659307411958,0.02954866132832773,0.46907045669776
PYPL,"PayPal Holdings, Inc.",Financial Services,7.9438205,2.0988326,0.12588401261080862,0.25732002,60.703,43236474880,-0.25262821096564714,-0.3388977512422606,0.027448725800218003,0.4357350136378754
QCOM,QUALCOMM Incorporated,Technology,12.672189,6.626635,0.07891296444521148,0.2148,64.218,152046911488,-0.1335387211778748,-0.10508890546610372,0.02203551284656959,0.3498029220227527
QXO,"QXO, Inc.",Industrials,34.412403,1.867592,0.029059290047254185,-0.03786,40.327,16968858624,0.31161010201181405,0.13884926205200776,0.03681827434268825,0.5844719856798193
RAL,Ralliant Corporation,Technology,16.954977,3.1700747,0.05897973202794672,-0.45301998,70.293,5176658944,-0.05832418516600401,0.07725630967214116,0.03323069260176842,0.5275208911122792
RBLX,Roblox Corporation,Communication Services,-51.80714,123.26752,-0.0193023587096296,-3.67223,480.747,48659759104,-0.25957078424956687,-0.4588587236097235,0.038226971336196715,0.606834357184626
RBRK,,Technology,722.67035,-19.832062,0.0013837567848189703,,,10399354880,-0.23778787619004343,-0.44147049590162996,0.04090571903589166,0.6493581586155008
RDDT,"Reddit, Inc.",Communication Services,17.757927,9.502737,0.05631287931299639,0.20938,0.793,27854925824,-0.2975043395949555,-0.3535071300032765,0.04355313848674724,0.6913846395137352
RELY,"Remitly Global, Inc.",Technology,11.453969,4.048485,0.08730598100972684,0.088549994,22.114,3517928448,0.25093635099214273,-0.09632028265090915,0.03995595796940063,0.6342811690943004
REXR,"Rexford Industrial Realty, Inc.",Real Estate,39.234783,1.037519,0.025487588398284248,0.025020001,36.898,8935452672,-0.09073501018863674,-0.07456008200559454,0.015666961363055173,0.24870530140020908
RF,Regions Financial Corporation,Financial Services,9.7483225,1.3652195,0.10258175188602962,0.1165,,24403472384,0.10502276776605979,0.039062619059047024,0.01591571901174622,0.25265420665117916
RGTI,"Rigetti Computing, Inc.",Technology,-116.13333,15.240595,-0.008610792440034227,-1.4189999,2.043,5749054464,-0.3187328789909984,0.050663459375947274,0.06818863638651172,1.0824610447159202
RHI,Robert Half Inc.,Industrials,10.511273,1.9021654,0.09513595546419545,0.10022,19.245,2484458240,-0.08154921616731711,-0.2992394984825656,0.034780421492309276,0.552122074575938
RIOT,"Riot Platforms, Inc.",Financial Services,-409.60526,1.7249048,-0.00244137489835946,0.052449998,24.876,6056739840,0.08890380173722996,0.18043483263603385,0.05595808003405834,0.8883069816886029
RITM,Rithm Capital Corp.,Real Estate,4.3426223,0.79358816,0.23027561019985548,0.08379,432.765,5586603520,-0.10744718550231579,-0.14389586684919278,0.013964094566532904,0.22167312904340614
RIVN,"Rivian Automotive, Inc.",Consumer Cyclical,-8.039394,4.1634984,-0.12438748492734651,-0.65005,113.082,19024373760,-0.05253401516919762,0.1239002593728389,0.04578545512925451,0.7268215676154847
RKLB,Rocket Lab Corporation,Industrials,493.5714,21.811869,0.002026049321334259,-0.18837999,14.749,36910202880,0.6479846880800401,0.4422875953704178,0.053425533121175685,0.8481040457980517
RKT,"Rocket Companies, Inc.",Financial Services,15.723053,2.2448478,0.06360087954928346,-0.01465,129.719,51221041152,-0.07852073227115078,0.016769209314940907,0.03686723580278523,0.5852492247632787
RNG,"RingCentral, Inc.",Technology,6.900939,-5.33675,0.1449078161682055,,,3155284224,0.3055157830707917,0.186909861595177,0.0472925322290067,0.7507456748907534
ROKU,"Roku, Inc.",Communication Services,31.409988,5.4742174,0.03183700675084626,0.03431,19.689,14508367872,0.029070443255628603,0.00891944574960052,0.02945290611532299,0.46755038981566865
RPRX,Royalty Pharma plc,Healthcare,8.482899,3.0584419,0.11788422802157612,0.13204001,92.334,26728290304,0.1659636110231476,0.3113600460038437,0.014085625557313996,0.22360237371257047
RRC,Range Resources Corporation,Energy,10.074387,2.2505724,0.09926162256820192,0.15942,30.422,9832527872,0.07598994060694429,0.20466655185492397,0.020937237461753792,0.33236834078703453
RTX,RTX Corporation,Industrials,26.98139,4.168535,0.03706258276538014,0.109519996,59.513,271974318080,0.17381476911685956,0.2703625404985398,0.014128707710449969,0.2242862816914284
RYAN,"Ryan Specialty Holdings, Inc.",Financial Services,14.625643,7.87,0.06837306229886782,0.18208,281.546,10418449408,-0.3203385443914205,-0.3016185760836376,0.025105515474446564,0.3985377028888162
RYN,Rayonier Inc.,Real Estate,37.418816,1.5698736,0.026724522764162286,0.0363,47.062,6531459584,-0.00746680456072257,-0.11163040882296055,0.017896317705012665,0.28409523618759425
S,"SentinelOne, Inc.",Technology,43.76251,2.8759317,0.022850608888749756,-0.25791,0.667,4459081216,-0.17691341085696613,-0.254968800066546,0.02916760167227959,0.4630213221902609
SATS,EchoStar Corporation,Communication Services,-34.313156,4.7832565,-0.02914334082239477,-0.97757006,447.051,33258350592,0.6299379691881379,1.0286215492815005,0.07038709253073809,1.1173604540713498
SAIL,"SailPoint, Inc.",Technology,44.420643,1.1594441,0.022512055937596403,-0.062589996,0.282,7918922752,-0.23202614854380793,-0.3211362508083503,0.03314488368125357,0.5261587167285598
SBUX,Starbucks Corporation,Consumer Cyclical,33.1414,-13.3107,0.030173740397207122,,,111674179584,0.1378561358716571,0.12888921028752515,0.017886843150662933,0.2839448323000389
SCHW,The Charles Schwab Corporation,Financial Services,14.014096,3.9236696,0.07135672539991163,0.18101999,115.32,172808880128,0.04053898318483605,-0.013361703608116999,0.015176898553962927,0.24092579548225024
SE,Sea Limited,Consumer Cyclical,22.041473,6.331368,0.045369018667672525,0.15684,41.186,64204558336,-0.1922389290525378,-0.41768688923163266,0.03000184946125923,0.47626459527893455
SEI,"Solaris Energy Infrastructure, Inc.",Energy,17.76459,4.418232,0.05629175792967921,0.07656,63.472,3562517248,0.06664839483038756,0.5738925026748791,0.04826410171403411,0.7661688623235631
SFM,"Sprouts Farmers Market, Inc.",Consumer Defensive,12.324732,5.0502496,0.08113766692857906,0.38435,138.506,7219032064,-0.11309878815464376,-0.4776551852423706,0.030074395922188833,0.4774162346436401
SLM,SLM Corporation,Financial Services,5.9785867,1.6971563,0.16726361098016693,0.32305,239.089,3804944384,-0.35210711183131765,-0.3963307572889669,0.02682267764341999,0.42579680724804797
SMCI,"Super Micro Computer, Inc.",Technology,10.939094,2.7745416,0.09141524883139315,0.13193,75.28,19401267200,-0.013402449493318064,-0.2633614170927583,0.04136199505123841,0.6566013158103667
SM,SM Energy Company,Energy,5.2199936,0.5504129,0.19157111610251784,0.14325,57.651,5510920704,0.24811084354858515,-0.17906507043941156,0.029500369124770002,0.4683038417324976
SMR,NuScale Power Corporation,Industrials,-46.9475,3.5013623,-0.02130038873209436,-0.84825,,3634539008,-0.3251050544335636,-0.6477521781053732,0.06660327448815187,1.0572942047893357
SNDK,Sandisk Corporation,Technology,7.853902,9.207181,0.12732524546397447,-0.09372,7.96,93758324736,1.9546131193658973,11.489876129195784,0.06792755943057144,1.0783165765251137
SNOW,Snowflake Inc.,Technology,70.08673,29.960863,0.014268036188876267,-0.53908,142.462,57629904896,-0.32272982714601495,-0.3012033043066001,0.03394016869680523,0.538783474963955
SO,The Southern Company,Utilities,19.816647,3.026197,0.050462623671905744,0.11043,190.586,107225587712,0.0875986248860853,0.07277012035830638,0.01002543477024802,0.1591488431242574
SOFI,"SoFi Technologies, Inc.",Financial Services,22.492115,2.1511629,0.0444600252132803,0.05658,18.487,22648686592,-0.37662336358155757,-0.3179723654198584,0.03720626341943896,0.5906311213307709
SPGI,S&P Global Inc.,Financial Services,20.021832,4.2417903,0.04994547951456191,0.13087,37.912,133801263104,-0.1063393605154172,-0.18952060470915202,0.019372735647019322,0.30753264442205464
STEP,StepStone Group Inc.,Financial Services,16.438732,-9.126295,0.06083194251235435,-0.65119004,72.527,5392356352,-0.30798846191761536,-0.3076567382098951,0.028197264730825178,0.44761770078009633
STWD,"Starwood Property Trust, Inc.",Real Estate,8.949839,0.9712073,0.1117338535363597,0.060349997,297.045,6766576640,-0.0015408503376664981,-0.06845254425553472,0.009569615808239116,0.15191294142619846
SYF,Synchrony Financial,Financial Services,6.6069355,1.5445647,0.15135610147851453,0.21304001,,24891424768,-0.0982279410996113,-0.09014722052222199,0.019799961068447038,0.3143146377352296
TECH,Bio-Techne Corporation,Healthcare,27.208124,4.573289,0.03675372840847094,0.03966,17.449,9230744576,-0.08588298944620565,0.08888420475773491,0.02571752039609181,0.4082529798317415
T,AT&T Inc.,Communication Services,10.996561,1.7833948,0.09093752128506358,0.18805,124.179,198575489024,0.09753639806024493,-0.010245980914355884,0.013534657108386935,0.2148560207359465
TEM,"Tempus AI, Inc.",Healthcare,-1034.9855,19.30047,-0.0009661971109740185,-0.89481,270.112,9473561600,-0.31032248890793135,-0.27708393493616207,0.03962528655116485,0.629031923064327
TENB,"Tenable Holdings, Inc.",Technology,9.242259,6.980036,0.10819865576154054,-0.09945,127.057,2294990080,-0.26798632633623676,-0.3814731602490633,0.02411871242851227,0.3828726901735571
TFC,Truist Financial Corporation,Financial Services,9.618723,1.0328432,0.10396390456404661,0.08236,,63079636992,0.07714979210008661,0.07684119985754659,0.01445893613799328,0.22952849546216947
TGT,Target Corporation,Consumer Defensive,14.858467,3.3238885,0.06730169404421062,0.25094998,132.062,51706077184,0.2800365918874251,0.20231589584877407,0.018676306932840028,0.29647718132043727
TME,Tencent Music Entertainment Group,Communication Services,14.441534,1.863226,0.06924472150950169,0.14792,4.524,24589340672,-0.18843798959302227,-0.41365459417097394,0.0253600357708683,0.40257808733651834
TJX,"The TJX Companies, Inc.",Consumer Cyclical,28.485592,17.847208,0.03510546665135132,0.59129,132.375,179917684736,0.05868903848065924,0.18571410664650365,0.010320413724289185,0.16383148885060264
TMUS,"T-Mobile US, Inc.",Communication Services,15.445145,4.058971,0.06474526461227784,0.18177,208.851,242816598016,0.050113678829682665,-0.12621941782395182,0.014511624506845172,0.23036489738797597
TOST,"Toast, Inc.",Technology,17.09268,7.5734887,0.05850457622795255,0.18642999,0.942,16085590016,-0.18574839831625592,-0.39243606223786687,0.028365835515594812,0.45029367902896505
TPG,TPG Inc.,Financial Services,11.667463,5.850963,0.08570843550135963,0.15516,58.393,16729155584,-0.24394693151093483,-0.2695407125626597,0.024275499604277242,0.38536160942858677
TPH,"Tri Pointe Homes, Inc.",Consumer Cyclical,17.71686,1.1796178,0.05644341040116589,0.072459996,36.027,3979646720,0.3534054509248829,0.3112432012557927,0.0296217608019084,0.4702308748661451
TREX,"Trex Company, Inc.",Industrials,22.486305,4.2347407,0.04447151277188493,0.2021,16.945,4442492928,0.1858001089913495,-0.34107544119042826,0.03493010825523578,0.5544982782715089
TRI,Thomson Reuters Corporation,Industrials,19.161057,3.601016,0.05218918768416586,0.124,19.582,42902450176,-0.2747328254964977,-0.4526781610449964,0.026078972908950584,0.4139908605904437
TSCO,Tractor Supply Company,Consumer Cyclical,21.56783,10.583912,0.046365350617099635,0.45183998,230.228,27392442368,-0.04682584483236058,-0.1652161889104687,0.01632183527678732,0.259101102495242
TSLA,"Tesla, Inc.",Consumer Cyclical,143.53212,18.381971,0.006967081653918301,0.049250003,17.763,1510391414784,-0.0564254713402102,0.1633909387370091,0.026967468013596556,0.428095283118393
TTD,"The Trade Desk, Inc.",Communication Services,9.955447,4.6020093,0.10044752385302237,0.16317,17.563,11646619648,-0.39094862380238404,-0.5697254437824156,0.04190398427971856,0.6652051280813722
TTEK,"Tetra Tech, Inc.",Industrials,20.999958,5.062862,0.04761914285733333,0.19917,57.314,9347343360,0.03407199069656252,-0.02560220283963037,0.025286726014886143,0.40141433103849666
TWLO,Twilio Inc.,Technology,18.925785,2.3570218,0.05283796682673928,0.00429,13.828,18559328256,-0.04763406778994147,0.1369489592857527,0.0364479660798021,0.5785935242476449
TXN,Texas Instruments Incorporated,Technology,26.820171,11.821982,0.0372853700298928,0.30148,90.819,192728039424,0.2911671398337653,0.055417212312192654,0.020065827102220057,0.31853513017976465
U,Unity Software Inc.,Technology,15.17169,2.4374917,0.06591223522231208,-0.11598,66.494,7891037696,-0.5707558507592029,-0.5461787310627859,0.05168707023297428,0.8205068030038757
UAA,"Under Armour, Inc.",Consumer Cyclical,32.553856,2.2017806,0.030718327192944515,-0.30394,117.662,3160103936,0.6060606623577927,0.47808767021638054,0.03522367856231571,0.559158562420587
UAL,"United Airlines Holdings, Inc.",Industrials,6.9614444,2.2500212,0.14364834975913907,0.23987,203.089,34413346816,0.04636289874646317,0.011610213165627995,0.028211276725805413,0.4478401343046339
UBER,"Uber Technologies, Inc.",Technology,17.875723,5.767378,0.05594179323544004,0.39925998,43.806,156709961728,-0.11954243585555203,-0.21404753138280233,0.020432125741661887,0.3243499408130311
UCTT,"Ultra Clean Holdings, Inc.",Technology,17.613934,3.8832715,0.056773234190612955,-0.19955,83.369,2754088448,1.4136834438492936,1.4487489355832657,0.043110664962828796,0.6843605900776236
UNH,UnitedHealth Group Incorporated,Healthcare,14.644535,2.6663575,0.06828485848133792,0.12538,77.08,265655271424,-0.10454097930800309,-0.017154213130873248,0.02802997583680326,0.44496207191598613
UPST,"Upstart Holdings, Inc.",Financial Services,8.764984,3.3419244,0.11409033946895966,0.07486,237.456,2670208512,-0.35259156792305885,-0.6308297349023378,0.04622774445146964,0.733842692940208
USAR,"USA Rare Earth, Inc.",Basic Materials,-62.999996,-35.526314,-0.015873016880826468,-36.46635,,4119077888,0.5205148153263055,0.2256809030491726,0.07975458378115058,1.2660647676143393
USB,U.S. Bancorp,Financial Services,9.8083725,1.4561633,0.10195371352382875,0.12184,,84996300800,0.12744447123192473,0.1460959741601939,0.014454659681694655,0.2294606088230167
V,Visa Inc.,Financial Services,22.029398,15.979835,0.04539388684157415,0.53954,54.612,617242624000,-0.038916189950401844,-0.08124502321071178,0.013256925327474401,0.21044716539510466
VFC,V.F. Corporation,Consumer Cyclical,18.672718,4.255972,0.053554067490335366,0.12927,299.18,7598333952,0.13009094183374298,0.31762489901864077,0.032048598857478384,0.5087557346697394
VG,,Energy,11.997028,4.16416,0.08335397733505331,0.28546,313.15,23722190848,0.3628133608997864,-0.24112245481741218,0.04542373512451537,0.7210794405548234
VIAV,Viavi Solutions Inc.,Technology,29.491758,8.241331,0.03390777857325426,-0.055370003,86.448,6874577408,0.6542316591852435,1.6362021186969915,0.03300187443858735,0.5238885153808889
VICI,VICI Properties Inc.,Real Estate,10.34589,1.1615657,0.09665674001946666,0.10217,59.432,32288790528,0.06479210700398522,-0.07109427113982868,0.009650739727157224,0.15320074371521614
VISN,"Vistance Networks, Inc.",Technology,18.130224,-3.907049,0.055156516543866205,,2643.918,3892610560,-0.10035847019511501,0.10087717122989269,0.07500677458616856,1.19069563320049
VLY,Valley National Bancorp,Financial Services,8.457184,0.94174755,0.11824266800864212,0.07846,,7031784448,0.12136130147877583,0.23048222834884108,0.01904218134220732,0.3022852575100482
VNOM,"Viper Energy, Inc.",Energy,27.429394,1.7886242,0.036457239995896375,-0.028870001,21.094,15181609984,0.29098479612955835,0.17257262825734856,0.017749020632157934,0.28175696764586594
VRNS,"Varonis Systems, Inc.",Technology,57.196625,4.5356374,0.017483549073044082,-0.24531999,87.153,2723427840,-0.2859350395348876,-0.6095334611046282,0.05037765902252281,0.7997205444432277
VRSK,"Verisk Analytics, Inc.",Industrials,24.210281,92.955666,0.04130476635112166,4.3794603,1581.795,29000638464,-0.07096757802845385,-0.21725590853972135,0.019900900866836675,0.31591700735879746
VRT,Vertiv Holdings Co,Industrials,32.237297,24.739395,0.03101997043982937,0.41809,81.899,97520525312,0.4817462682184943,0.9001488771988336,0.03796380480909347,0.6026567180799556
VST,Vistra Corp.,Utilities,15.40824,21.5397,0.06490033903937115,0.17472,335.784,58918367232,-0.015087939880898469,-0.11377768867555509,0.03135427498697422,0.49773368492560044
VTRS,Viatris Inc.,Healthcare,5.5753474,1.1696961,0.17936102062447265,-0.21080999,97.978,17236195328,0.4031954721265834,0.4508424488028671,0.020186086432270628,0.320444187860659
VZ,Verizon Communications Inc.,Communication Services,9.551823,2.0242229,0.10469205721253419,0.17069,174.78,211474677760,0.24779635626262023,0.1811239076160696,0.01539246179791831,0.24434775589412397
W,Wayfair Inc.,Consumer Cyclical,20.918806,-3.5761807,0.04780387561316836,,,9948705792,-0.3218125298854662,0.01152932357722558,0.04119251294398346,0.6539108707655362
WAY,Waystar Holding Corp.,Healthcare,13.928257,1.2669169,0.07179649255466783,0.03222,38.448,4916633088,-0.3075054269834623,-0.32993729267299077,0.027296351894940292,0.4333161528799122
WBD,"Warner Bros. Discovery, Inc.",Communication Services,724.3507,1.945039,0.0013805467434489951,0.02078,87.626,69847138304,0.17964828585821546,1.335820820575831,0.03652560817814336,0.5798260543485261
WBS,Webster Financial Corporation,Financial Services,9.639568,1.2628243,0.10373908872264814,0.10767999,,11629959168,0.22057728044651367,0.17229903137574304,0.01797486252466657,0.2853420965450541
WDAY,"Workday, Inc.",Technology,10.706333,4.477622,0.0934026617703746,0.08231,48.956,35713916928,-0.37884277523181187,-0.41461709187380336,0.02382849442943989,0.3782656222643153
WDC,Western Digital Corporation,Technology,20.797998,13.373178,0.04808155092619972,0.41126,,95629238272,0.7745967217279238,2.416025788260639,0.04340389875341872,0.689015532193034
WFC,Wells Fargo & Company,Financial Services,10.279327,1.5311877,0.0972826333864075,0.11732,,255678431232,-0.04335772592599496,0.003667266282754428,0.016776639546081704,0.26632089644582235
WHR,Whirlpool Corporation,Consumer Cyclical,8.682975,1.4057397,0.11516790040279973,0.120749995,270.939,3867574784,-0.13093723442095326,-0.25910580292118224,0.028844360140581365,0.4578900219525742
WMB,"The Williams Companies, Inc.",Energy,29.10791,7.1488714,0.03435492276841587,0.18555,197.026,91307843584,0.25105178304610676,0.30997667276598934,0.013931124882425023,0.2211497515336833
WMG,Warner Music Group Corp.,Communication Services,16.242617,20.709631,0.061566433537157225,0.39843,555.609,14939101184,0.027680608187814256,-0.13267059934924716,0.018071908346869378,0.28688265121301265
WMT,Walmart Inc.,Consumer Defensive,38.875095,10.238457,0.02572340980774452,0.21847,63.19,1020126298112,0.17516786824064273,0.3340008111868376,0.014972765818134148,0.23768528876154907
WT,"WisdomTree, Inc.",Financial Services,14.117162,5.658069,0.07083576713223239,0.26825002,231.243,2407634944,0.5640206664311195,0.258065307827125,0.01976351128527585,0.31373601536555046
WU,The Western Union Company,Financial Services,5.0062385,3.174028,0.19975077096306937,0.51861,324.024,3060846336,0.13871814710478356,0.19355868956358777,0.019658857415725574,0.3120746866901267
WTRG,"Essential Utilities, Inc.",Utilities,16.382961,1.649608,0.06103902707209032,0.09442,120.776,11314820096,0.027502991928559296,0.026058702734780094,0.013338684762283679,0.21174505618613593
WULF,TeraWulf Inc.,Financial Services,62.384617,48.562874,0.016029592679874912,-3.4369102,3699.474,6791020032,0.09299185623835379,0.7182203426216569,0.07488266378954345,1.188725435383161
WY,Weyerhaeuser Company,Real Estate,34.80815,1.8750956,0.0287289040066766,0.03384,60.694,17682720768,0.11247172496118264,-0.03793247102135487,0.016276155094834426,0.2583759520874928
XMTR,"Xometry, Inc.",Industrials,35.282936,7.6363807,0.02834231255584853,-0.20849001,122.651,2101922560,-0.29137873820388266,-0.17789136317050053,0.06074033311929041,0.9642228959091755
XEL,Xcel Energy Inc.,Utilities,18.417866,2.2018542,0.054295106718661106,0.09358,152.832,49310756864,0.03388805030113459,0.17032495798257222,0.011197199539269469,0.17775003216764418
XRAY,DENTSPLY SIRONA Inc.,Healthcare,9.275758,2.1884317,0.10780790098232404,-0.3643,180.672,2929422848,0.3190761228915737,0.053597692325382994,0.02994099753112049,0.4752986008352622
XOM,Exxon Mobil Corporation,Energy,18.263823,2.456943,0.05475304923837688,0.110810004,18.936,635431419904,0.33760104457253703,0.3662039150494191,0.013822263009870195,0.21942162288146197
XYZ,"Block, Inc.",Technology,14.238137,1.7272702,0.0702339077085717,0.060100004,40.194,38830501888,-0.02045206891163042,-0.2114384535090493,0.031095439315213715,0.49362479601813664
Z,,Communication Services,15.039621,2.1967309,0.06649103724089855,0.0047299997,9.357,10805587968,-0.40059111407194836,-0.4769050722681626,0.02956750422794369,0.4693695784559391
ZETA,Zeta Global Holdings Corp.,Technology,14.268759,5.0103464,0.07008317962339963,-0.042540003,24.495,4168282368,-0.06714360529619381,-0.13299225450568447,0.047808559179799245,0.7589373487803776
ZM,"Zoom Communications, Inc.",Technology,12.097157,2.2348497,0.08266405073522647,0.20275,0.313,22129457152,-0.12424491088301544,-0.08524061899750343,0.026187935851108162,0.4157205936728689
ZS,"Zscaler, Inc.",Technology,32.03283,10.748027,0.03121797231153164,-0.03556,84.901,23440672768,-0.416636882243716,-0.47582198682461685,0.028758448002960818,0.45652620904809865
ZTS,Zoetis Inc.,Healthcare,17.299784,16.724072,0.05780418992514589,0.65992,279.586,57774882816,0.031089401756523177,-0.1464678349734034,0.017718255740360726,0.2812685901290226
