Symbol,Name,Sector,Score,Overall Momentum,Overall Volatility,Overall Quality,Overall Value,Market Cap
EIX,Edison International,Utilities,0.24912710711983344,0.3999872988229078,0.8366640385120026,0.01565019394654171,0.19797138193652342,-0.20463737761880813
NEE,"NextEra Energy, Inc.",Utilities,0.21196295444361957,0.10382386736699759,1.0077272166934486,0.018599154749702067,-0.23252837030259213,0.16219290371054162
ED,"Consolidated Edison, Inc.",Utilities,0.2073008497550417,0.07556521595262845,1.1796541099251958,0.09196219698302208,-0.13213046218888838,-0.1785468118967495
DUK,Duke Energy Corporation,Utilities,0.1990969446970692,-0.0477908944734368,1.2737938799447752,-0.027599484412353867,-0.15899619223960806,-0.0439225853340306
PCG,PG&E Corporation,Utilities,0.19544880067243714,0.20859299825471392,0.7465870457579741,-0.08085869988436224,0.278939858763733,-0.17601719952987308
FE,FirstEnergy Corp.,Utilities,0.1820554514295063,0.037654465938027286,1.2827692056533015,-0.08426936239190697,-0.12298097720586895,-0.20289607484602146
AEP,"American Electric Power Company, Inc.",Utilities,0.18176748370632184,0.05867477300591129,1.1135317551228088,0.042193898660055684,-0.19695578433373717,-0.10860722392342936
SO,The Southern Company,Utilities,0.17676714901109872,-0.03144746608769234,1.2033475703964291,-0.05986481178527774,-0.19631741449934487,-0.031882132968620636
PPL,PPL Corporation,Utilities,0.16462515396750266,-0.048459493796409764,1.1878182565579292,0.05249731645736571,-0.1652454237593366,-0.2034848856220353
EXC,Exelon Corporation,Utilities,0.16207421030149408,-0.02927391050805354,1.1162774275367178,-0.03281576288014498,-0.08726531744780416,-0.1565513851932447
XEL,Xcel Energy Inc.,Utilities,0.15384320667342236,-0.05080543382793535,1.128024144355555,0.01304403118670607,-0.16165124188641644,-0.15939546646079739
D,"Dominion Energy, Inc.",Utilities,0.15319527158713575,-0.1150843578129007,1.1000938622933372,0.02358299014303862,-0.09336039391695075,-0.14925574277084555
CMS,CMS Energy Corporation,Utilities,0.1459376900893331,-0.06635625499685056,1.2501737424721298,-0.07204764024189966,-0.16678713076392546,-0.21529426602278862
CNP,"CenterPoint Energy, Inc.",Utilities,0.1458971991826915,0.030846854650285475,1.245562785415673,-0.11277006985779481,-0.22871757463019035,-0.205435999664516
AES,The AES Corporation,Utilities,0.14401593471244864,0.3167692432086983,0.29269753981037316,-0.3905709641193233,0.7420553409528329,-0.2408714862903378
NI,NiSource Inc.,Utilities,0.1423215415102347,0.003489912569621007,1.1262673292684395,0.04249895839777129,-0.24196711613176117,-0.21868137655289702
WTRG,"Essential Utilities, Inc.",Utilities,0.12226969561350232,-0.1347172809910488,0.9903651123742081,0.09069408906596658,-0.09194084551908052,-0.2430525968625338
AQN,Algonquin Power & Utilities Corp.,Utilities,0.10815355917226052,0.10151073761391396,0.9120202835016922,-0.021237453246245992,-0.1953739627167845,-0.256151809291273
CTRI,"Centuri Holdings, Inc.",Utilities,0.05020988301859378,0.6202412667155456,0.23895921443281298,0.058758070483545734,-0.40574094236334285,-0.26116819417559245
CEG,Constellation Energy Corporation,Utilities,-0.05890580872755617,-0.27356158180492357,-0.05575896288508458,0.29877409843814867,-0.25915249152275177,-0.004830105863169582
VST,Vistra Corp.,Utilities,-0.15333480722357767,-0.2637913221931535,-0.16771372200263182,-0.34079835597571645,0.14387138144135722,-0.13824201738774383
NRG,"NRG Energy, Inc.",Utilities,-0.30357506394320843,0.01130864341357628,0.0756346025808947,-1.6551710811901257,0.23325195753492484,-0.18289944205531214
OKLO,Oklo Inc.,Utilities,-0.8084036364101088,-0.665787296386405,-2.4775530529703866,0.1731188582369433,-0.8254875756095604,-0.2463091153211347
NVDA,NVIDIA Corporation,Technology,2.187216985483488,-0.2152958985271167,0.4537863433189812,1.3193561562191654,0.14780250049425592,9.230435825912153
AAPL,Apple Inc.,Technology,2.125628149787924,-0.17411062531190075,0.8733799472542415,1.6162367660904196,0.03147235252445326,8.281162308382406
MSFT,Microsoft Corporation,Technology,1.3644761653104425,-0.5509975923629471,0.8314751175269839,0.5637645068693434,-0.1807545550903213,6.158893349609153
SNDK,Sandisk Corporation,Technology,1.3398543136222498,8.395054063199625,-2.518718939679376,0.16533022576216685,0.7191397479932318,-0.06153352916439896
MU,"Micron Technology, Inc.",Technology,0.6281613181735415,2.1017603694124514,-0.6720543556390816,0.4653785940979562,0.49180206640727764,0.7539199165891037
MSTR,Strategy Inc,Technology,0.6151930675092705,-0.8524287912792198,-1.1682873498699768,0.1276291316522779,5.141855921510266,-0.17280357446699462
AVGO,Broadcom Inc.,Technology,0.5241758483667813,-0.4193134619802465,-0.005236299339170674,0.20689230656584237,-0.22929564126953114,3.0678323378570123
LRCX,Lam Research Corporation,Technology,0.4023614049060871,1.1417136132214944,-0.18630327617278492,0.8575001032138301,-0.17994964601773095,0.3788462302856264
AMAT,"Applied Materials, Inc.",Technology,0.35850907712250424,1.119486300694064,-0.07280728669095839,0.6064922248812349,-0.24318878671482763,0.38256293344300796
LITE,Lumentum Holdings Inc.,Technology,0.3310933651634451,3.669708749621394,-1.5137621169604656,-0.3538906653865131,0.011189772684019886,-0.15777891414120987
DXC,DXC Technology Company,Technology,0.33056562047286636,-0.2954864384417936,-0.01399373346898943,0.112882494542048,2.1125636814772646,-0.2631379017441979
FTNT,"Fortinet, Inc.",Technology,0.2818272630334512,-0.21089428700136753,0.12842276914373235,1.487054121593331,0.1391856763421457,-0.13463196491058588
CSCO,"Cisco Systems, Inc.",Technology,0.2783633994656792,-0.036171523038117374,0.7262823330530728,0.3694491476034052,-0.09102275342722926,0.4232797931372645
GLW,Corning Incorporated,Technology,0.2656674751556621,1.4904289146859697,-0.03710954277299648,0.25425307640319583,-0.395334671170003,0.01609959863214444
ADI,"Analog Devices, Inc.",Technology,0.26404652174478527,0.5342028176542256,0.7025619974161473,0.30185859765797807,-0.3339997439333469,0.11560893992892224
ADP,"Automatic Data Processing, Inc.",Technology,0.24226637049356026,-0.5335879632312075,0.9754480616193275,0.8816377443075256,-0.03508665894347152,-0.07707933128437292
ADBE,Adobe Inc.,Technology,0.2389802640346866,-0.5474752780392332,0.6248996610556006,0.7208009538376046,0.42279124183542255,-0.026115258515961467
TXN,Texas Instruments Incorporated,Technology,0.2121400544697955,0.22643356845167775,0.5579307007031673,0.3776786213967284,-0.2577145555629662,0.15637193736037008
KEYS,"Keysight Technologies, Inc.",Technology,0.20049714219063214,1.0011901575645572,0.13623548789896378,0.3538469665195432,-0.33708386513867916,-0.15170303589122433
UCTT,"Ultra Clean Holdings, Inc.",Technology,0.19993983122663092,2.428094559196272,-0.9234384154438671,-0.12528912328038008,-0.11776677195999044,-0.26190109237887965
LYFT,"Lyft, Inc.",Technology,0.199502345984862,-0.6700307815181588,-0.45870816652284774,1.6488253540909492,0.733221076271403,-0.2557957523970359
VIAV,Viavi Solutions Inc.,Technology,0.13820095250759581,1.530273240603335,-0.2736247706358892,0.01720876524106399,-0.33002362094597154,-0.25282885172455927
UBER,"Uber Technologies, Inc.",Technology,0.12826795798708918,-0.45327830007924036,0.5343842780709946,0.5919192508444162,-0.10875497503245016,0.07706953613172547
FIS,"Fidelity National Information Services, Inc.",Technology,0.12654504549484857,-0.6038926888019516,0.6382273392106308,0.07918013664325971,0.7285641210671444,-0.2093536806448405
CTSH,Cognizant Technology Solutions Corporation,Technology,0.12554760658733893,-0.44240932532774935,0.5537423661270273,0.4206526094915474,0.29524997936644815,-0.1994975967205789
HPE,Hewlett Packard Enterprise Company,Technology,0.12058712987380504,-0.2129275149287011,0.33043328560135976,0.05124798360578477,0.6390616130678347,-0.20487971797725296
QCOM,QUALCOMM Incorporated,Technology,0.11801675509027866,-0.41458246248265074,0.4313152891370916,0.35128810967846247,0.15526012189372893,0.06680271722476101
PAYX,"Paychex, Inc.",Technology,0.11016229394845167,-0.5450148567822718,0.8948740460633573,0.39589127065542523,-0.0009906377711529843,-0.1939483524230995
APH,Amphenol Corporation,Technology,0.09755168710039645,0.04948704591685065,0.1966159844192377,0.38001477639147907,-0.2656927795410847,0.12733340831549958
CRM,"Salesforce, Inc.",Technology,0.0965704353786966,-0.4959280805465719,0.4039622534523204,0.34111122007429767,0.09338103930748064,0.14032574460595618
GEN,Gen Digital Inc.,Technology,0.0685292367705704,-0.49031196693700707,0.6936657153257543,-0.3088677154474079,0.685478402410138,-0.2373182514986254
GFS,GLOBALFOUNDRIES Inc.,Technology,0.05689725414239208,0.49000418111709454,-0.1208198450468467,0.33002121676261637,-0.20493021490919067,-0.2097890672117131
COHR,Coherent Corp.,Technology,0.05586656996325346,1.6096548602853826,-0.972677082929909,0.21988652682493073,-0.41644927303579543,-0.1610821813283419
IBM,International Business Machines Corporation,Technology,0.05217549531484589,-0.4569979674042164,0.4155939927898078,0.17465836619720304,-0.09877453826582154,0.22639762325725651
ON,ON Semiconductor Corporation,Technology,0.042691597677019785,0.4223508635959906,-0.115235512137124,0.1960889037988072,-0.0806781649327319,-0.20906810193984296
ZM,"Zoom Communications, Inc.",Technology,0.03988008317056238,-0.3920016020470141,0.1643890806165923,0.4918203691096349,0.15443415840230765,-0.21924159022870882
MCHP,Microchip Technology Incorporated,Technology,0.026724088071360917,0.4614137346376681,0.10984993549027407,0.07314172248701777,-0.3317490857581718,-0.17903586649998357
AKAM,"Akamai Technologies, Inc.",Technology,0.023777457506986538,0.08022946900405373,0.07116378132967731,0.10406951581975381,0.10000241821513017,-0.23657789683368233
PLTR,Palantir Technologies Inc.,Technology,0.02307936356859633,-0.47983975619805874,-0.1969686564326013,0.5445674536535983,-0.20681864530037444,0.4544564221204179
ANET,"Arista Networks, Inc.",Technology,0.0062076418944942355,-0.13482186602168456,-0.24171075447659876,0.607783566162681,-0.30239223978227125,0.10217950359034475
CDNS,"Cadence Design Systems, Inc.",Technology,0.004009935829206154,-0.2837861617384834,0.29417925789223465,0.3923363504374574,-0.29554035327560996,-0.08713941416956789
PANW,"Palo Alto Networks, Inc.",Technology,0.0026158231235672773,-0.557588969199871,0.5135527589718312,0.43911969883614643,-0.38159198251813187,-0.00041239047213833895
FSLR,"First Solar, Inc.",Technology,-0.008275095080792133,-0.5453301322822207,-0.40860970346826625,0.44674805485093055,0.6871898226209323,-0.2213735171253366
CWAN,"Clearwater Analytics Holdings, Inc.",Technology,-0.028551010277918554,-0.01130455900687128,0.29675082286660104,0.1530258426510385,-0.32865314818361746,-0.25257400971674354
DT,"Dynatrace, Inc.",Technology,-0.039983273883824964,-0.5834030948046759,0.4374869478883332,0.34669607763210264,-0.15657506138229635,-0.24412123875258848
WDAY,"Workday, Inc.",Technology,-0.04515990350060328,-0.8983529234689859,0.3160587809876205,0.2501210895443029,0.29570569271846503,-0.1893321572844189
ITRI,"Itron, Inc.",Technology,-0.0503897057445972,-0.3709892886441204,0.026126469500019053,0.30514618316735914,0.0464367431853804,-0.25866863593162426
AAOI,"Applied Optoelectronics, Inc.",Technology,-0.050512398482297105,4.030736618448053,-3.7133352060582174,0.11833215741755501,-0.43299336005877054,-0.25530220216010563
OKTA,"Okta, Inc.",Technology,-0.05081158372610593,-0.4292491528078579,0.32189438588091224,0.29792683824794236,-0.20495567693609154,-0.23967431301543476
AMKR,"Amkor Technology, Inc.",Technology,-0.053618907968217805,0.8011558944107692,-0.8825966518804926,0.2832567803625877,-0.22798415367645022,-0.24192640905750307
AMD,"Advanced Micro Devices, Inc.",Technology,-0.0617044259097535,-0.1720709167022363,-0.7953861944154861,0.34020095447368587,-0.13200273385803354,0.45073676095330245
NOW,"ServiceNow, Inc.",Technology,-0.0658277294945026,-0.8326535851041935,0.3085890082495598,0.3984147542518727,-0.18644731532252548,-0.01704150954722648
RELY,"Remitly Global, Inc.",Technology,-0.06841241466544491,0.09422324941940582,-0.7206474242976157,0.320896357125528,0.22368506059557464,-0.2602193161701173
TENB,"Tenable Holdings, Inc.",Technology,-0.06846884539927697,-0.7356175264608159,0.29740297688189044,-0.12587362082015643,0.4846558504977268,-0.26291190709502965
XYZ,"Block, Inc.",Technology,-0.07926594199256029,-0.32196150873267915,-0.15107523781704393,0.24801997004559648,0.011157317617225687,-0.18247025107590054
DOCU,"DocuSign, Inc.",Technology,-0.08195575057829078,-0.8487120958826866,-0.008111417202083434,0.4218895368196389,0.2732465621053048,-0.24809133873162764
TOST,"Toast, Inc.",Technology,-0.08620742594347533,-0.6335079596045169,0.024389254167289362,0.47334952021564874,-0.0627193371453808,-0.2325486073504171
INTC,Intel Corporation,Technology,-0.09116377457954926,0.5634295085363742,-0.9195276492429606,0.1927503387077437,-0.5261285518754368,0.23365748097653313
FRSH,Freshworks Inc.,Technology,-0.10488603852356047,-0.8629321898920937,-0.06733336993910712,0.4500696347824309,0.2187129068028745,-0.26294717437190684
MRVL,"Marvell Technology, Inc.",Technology,-0.11948589797260425,-0.2426979894764323,-0.34861384427246433,0.3879334413391398,-0.2786255348366355,-0.11542556261662891
TWLO,Twilio Inc.,Technology,-0.16413027101346245,-0.1751922456731995,-0.4951465604434906,0.2531553856970253,-0.17636585290303475,-0.22710208174461255
CRWD,"CrowdStrike Holdings, Inc.",Technology,-0.16557192747320848,-0.6061531935082005,0.11400203883147798,0.1419144546633356,-0.4161273933620347,-0.061495543990620696
ENPH,"Enphase Energy, Inc.",Technology,-0.17061591139616733,0.5620893963964543,-1.3281357190510619,0.19414601723492628,-0.025415415006949726,-0.25576383655420554
SMCI,"Super Micro Computer, Inc.",Technology,-0.1760914099271353,-0.33990340671769526,-0.8110303517797091,0.23865187630159768,0.25707318461626116,-0.22524835205613103
CCC,CCC Intelligent Solutions Holdings Inc.,Technology,-0.17679036973467602,-0.6706309578770057,-0.19176118038111395,0.09587096561239929,0.14217459553683673,-0.25960527156449636
ORCL,Oracle Corporation,Technology,-0.22774899485053432,-0.768486078268994,-0.940938130292386,-0.0365738830982163,-0.04487288235535493,0.6521259997622798
CFLT,"Confluent, Inc.",Technology,-0.23934548595376218,0.6239722826744437,-0.8881348858593678,-0.23278509586973406,-0.45596563347532326,-0.24381409723882935
RAL,Ralliant Corporation,Technology,-0.2445874686174117,-0.22046690370172894,-0.2883336682293653,-0.357448186865878,-0.10012135950680572,-0.2565672247832804
S,"SentinelOne, Inc.",Technology,-0.26564592029328277,-0.5499431608929158,-0.027149907447506567,0.01212521500169608,-0.5051146045775341,-0.25814714355015334
PATH,"UiPath, Inc.",Technology,-0.26690008926263364,-0.48506601302767627,-1.0291023713207266,0.4021894123603013,0.03281012305676972,-0.2553315973818364
GDDY,GoDaddy Inc.,Technology,-0.2727296912217148,-0.8111341225506388,0.2899425279970567,-2.0139275608667466,1.412866713776328,-0.241396014464573
ESTC,Elastic N.V.,Technology,-0.27835501363618204,-0.7325518693314292,-0.2967509163649572,-0.0038264324981063967,-0.10286452915973725,-0.25578132082668004
IOT,Samsara Inc.,Technology,-0.2890732316536684,-0.5895826222818706,-0.4148136254008633,0.2296740777784852,-0.43939402394260724,-0.231249964421486
NET,"Cloudflare, Inc.",Technology,-0.29621355391063475,-0.4506863508329552,-0.22386572499306795,-0.38056559080313673,-0.2913917185055591,-0.1345583844184546
ZS,"Zscaler, Inc.",Technology,-0.2982644980084904,-0.9799645443624324,-0.0008486762063418826,0.041506084803728686,-0.33566071842074746,-0.216354635856659
SAIL,"SailPoint, Inc.",Technology,-0.2999316122218154,-0.6568654661533941,-0.2828176960402991,0.21607874622514725,-0.5255241691403001,-0.25052947600023096
ZETA,Zeta Global Holdings Corp.,Technology,-0.32121977895022147,-0.34211979895826194,-1.2254286245328012,0.17892810174557636,0.041308833667833444,-0.2587874066734539
DDOG,"Datadog, Inc.",Technology,-0.3213324679129709,-0.6766412512296094,-0.5609107560254247,0.23448789671080247,-0.4220760381010883,-0.18152219091953434
KVYO,"Klaviyo, Inc.",Technology,-0.34912625066912434,-0.9348348858303025,-0.6786569646997913,0.22804203340483792,-0.10389924453358004,-0.2562821916867857
PSTG,Everpure,Technology,-0.3639176311345923,-0.6200315857267089,-1.2125169546581271,0.38815534988451866,-0.1539149319768861,-0.2212800331957579
BULL,Webull Corporation,Technology,-0.39467253366734373,-0.9892640656582977,-0.6012301824131834,0.29287090432809443,-0.4141937412456059,-0.2615455833477259
KD,"Kyndryl Holdings, Inc.",Technology,-0.39736258102649924,-1.1789675723144555,-1.7142657168629365,-0.23866795922164374,1.406825596401243,-0.2617372531347035
CHYM,"Chime Financial, Inc.",Technology,-0.3994867022437727,-0.14448976209149372,-0.8240099557026968,-0.628452704343516,-0.15076733048395669,-0.2497137585972003
CRDO,Credo Technology Group Holding Ltd,Technology,-0.4079711042274465,-0.6758016480431299,-1.4573420171715639,0.5164628515857966,-0.1998600415867253,-0.22331466592161006
SNOW,Snowflake Inc.,Technology,-0.43964286523558993,-0.7653805800127768,-0.3339402367020653,-0.619756937992366,-0.3380576964916552,-0.14107887497908653
FROG,JFrog Ltd.,Technology,-0.45481116344580097,-0.7359960742178054,-1.0377672856011637,0.1885582551317042,-0.4314610122501105,-0.2573897002916293
FSLY,"Fastly, Inc.",Technology,-0.4905303747646466,1.3879915563250618,-3.071033145705803,0.0374749059155951,-0.5454096434031929,-0.261675546954894
ASTS,"AST SpaceMobile, Inc.",Technology,-0.5846394563270694,0.6981461332617106,-2.4264025412784176,-0.2303254196823586,-0.761817169268765,-0.2027982846675161
U,Unity Software Inc.,Technology,-0.5944643344413577,-1.2189207075706667,-1.4747472149069758,0.0019973847729492043,-0.03006026289053097,-0.2505908716115642
VRNS,"Varonis Systems, Inc.",Technology,-0.6523610807365804,-0.8785691846539583,-1.3905755952482806,-0.18192916331117512,-0.5487628614385861,-0.2619685990309018
IONQ,"IonQ, Inc.",Technology,-0.7471075150693576,-0.48256511685886794,-2.00358930070575,0.026286600188904427,-1.038766234317377,-0.23690352365369788
APLD,Applied Digital Corporation,Technology,-0.7823758907607469,0.27464666066077775,-2.7317590372462153,-0.10184267692684813,-1.101746254400542,-0.25117814589090603
FIG,"Figma, Inc.",Technology,-0.8024204630366757,-0.7367283799595542,-1.8125930111341737,-0.6445485305117621,-0.5840272985218948,-0.2342050950559931
ONDS,Ondas Inc.,Technology,-0.8722027300861266,0.5107624798499407,-3.8894904102224066,0.09615614451424706,-0.8204661187478642,-0.2579757458245496
CIFR,Cipher Digital Inc.,Technology,-0.9694573946324522,0.21241711026054333,-2.8741094501469746,-1.637299784884199,-0.2939002501937864,-0.25439459819784416
RGTI,"Rigetti Computing, Inc.",Technology,-1.0600473286149792,-0.5759003259577844,-2.5355014981771604,-1.198101253955971,-0.7354266056588292,-0.25530695932515024
CRWV,"CoreWeave, Inc.",Technology,-1.078958172390511,-0.20973080013078502,-2.244806672734946,-2.3823869480768085,-0.3812096800950504,-0.17665676091496504
VICI,VICI Properties Inc.,Real Estate,0.28786536523421224,-0.13668458863050242,1.2274337309572234,0.24567425465673334,0.2997768203580801,-0.19687339117047353
RITM,Rithm Capital Corp.,Real Estate,0.2819389356384175,-0.400684527972464,0.9501624963022568,-0.6675962455712299,1.783477589314485,-0.2556646338809606
O,Realty Income Corporation,Real Estate,0.18582638535945942,0.16026061248117837,1.2387053205612115,0.13385120864882996,-0.47376259086450784,-0.12992262402941504
STWD,"Starwood Property Trust, Inc.",Real Estate,0.17122766613522486,-0.22229279775306607,1.2326485417010868,-0.36690053793031346,0.4657497658705003,-0.25306664121208344
KIM,Kimco Realty Corporation,Real Estate,0.13961602645785637,0.061479288755057794,1.0833986809247138,0.15093071400904656,-0.3648768292162936,-0.2328517221832427
HST,"Host Hotels & Resorts, Inc.",Real Estate,0.13267718053231312,0.06883243235659053,0.8447317677694604,0.2005832805098267,-0.21284148196928276,-0.2379200960050293
APLE,"Apple Hospitality REIT, Inc.",Real Estate,0.11294176678911397,-0.14177870044788576,0.9351923119975037,0.21210250503405226,-0.17923954916336934,-0.2615677334747311
BRX,Brixmor Property Group Inc.,Real Estate,0.10581738298209206,0.09610929290287624,1.0671887143336083,-0.025561416843706736,-0.36111797550845137,-0.24753169997386626
DRH,DiamondRock Hospitality Company,Real Estate,0.09937374069194446,0.07195301746776449,0.7514592482731647,0.15623574006029065,-0.21932875537049806,-0.2634505469709995
AGNC,AGNC Investment Corp.,Real Estate,0.09007934950990944,0.06149661636853527,1.1267634577293055,-1.2109183813437194,0.7136827104495488,-0.24062765565412306
ARR,"ARMOUR Residential REIT, Inc.",Real Estate,0.0899557037014369,0.06396379296938967,0.9142113978736681,-1.4355732989809296,1.17069277740206,-0.2635161507570038
DX,"Dynex Capital, Inc.",Real Estate,0.07171955941058764,-0.015805438836137553,1.2042323094519851,-0.889331848169867,0.32130237534964823,-0.2617996007426908
WY,Weyerhaeuser Company,Real Estate,0.04758997187811776,-0.05679220336487649,0.8015385362637727,0.17162392228047135,-0.4493882532752338,-0.229032142513545
NLY,"Annaly Capital Management, Inc.",Real Estate,0.045527505519692285,-0.014312316202927715,1.1243530754208333,-1.2937119326477327,0.6425148589489131,-0.23120615792062466
AMH,American Homes 4 Rent,Real Estate,0.03475249342003561,-0.3240637170852966,1.0258769182858565,0.19157887273469262,-0.4795706398252005,-0.24005896700987392
INVH,Invitation Homes Inc.,Real Estate,0.021395372601523036,-0.3137476056722619,0.9606577995740984,0.1340966292669928,-0.44161647884387073,-0.23241348131734332
AMT,American Tower Corporation,Real Estate,0.013110207833975379,-0.11249485201451445,0.8801925121052443,-0.484982056207359,-0.14700100607709274,-0.07016355863640117
REXR,"Rexford Industrial Realty, Inc.",Real Estate,-0.004838620521932693,-0.3424631515603532,0.8406987501679353,0.2194491804844442,-0.49358653912593403,-0.24829134257575575
IRT,"Independence Realty Trust, Inc.",Real Estate,-0.007503923069578505,-0.2395507893052693,0.9300839260933346,0.14609728367805783,-0.6151254416260551,-0.25902459418796053
RYN,Rayonier Inc.,Real Estate,-0.01533842137608759,-0.25267236900986123,0.6973911836821919,0.2068308650222289,-0.4746574790047041,-0.2535843075702934
DOC,"Healthpeak Properties, Inc.",Real Estate,-0.029176636682917277,-0.18641594167525533,0.9257083356584521,0.0012759694448526205,-0.645542469930123,-0.24090907691251287
PK,Park Hotels & Resorts Inc.,Real Estate,-0.03398127238210898,-0.09056143228430677,0.5644826347923451,-0.1196383683446891,-0.26120249946789187,-0.26298669660600227
HR,Healthcare Realty Trust Incorporated,Real Estate,-0.03609114474693231,-0.10708415001514203,0.9727985570657246,0.01725257482714531,-0.8099145262102939,-0.2535081794020955
COMP,"Compass, Inc.",Real Estate,-0.10294488853156838,-0.22637886747001634,-0.41336809917431006,0.03522485452278375,0.34221412570695275,-0.252416456243252
KRC,Kilroy Realty Corporation,Real Estate,-0.14759132099870423,-0.7148788403435885,0.7363946852378225,0.13736324345150522,-0.636726778344178,-0.2601089149950824
COLD,"Americold Realty Trust, Inc.",Real Estate,-0.1480408801805667,0.13598134083044647,0.04221472088786778,-0.1254106286722063,-0.5334504034650563,-0.259539430483885
MPT,"Medical Properties Trust, Inc.",Real Estate,-0.1525333587172434,0.020564821928875755,0.27941746109974847,-0.2830865517000995,-0.5192258820616626,-0.2603366428530791
CSGP,"CoStar Group, Inc.",Real Estate,-0.2033027453959343,-0.897758011395304,0.1767941380077317,0.24885390832032675,-0.31808524161518076,-0.22631852029724506
OPEN,Opendoor Technologies Inc.,Real Estate,-1.6399763676621477,-0.44122637100410034,-5.055187060715443,-1.6059027571685474,-0.8409827316311711,-0.2565829177914763
VRSK,"Verisk Analytics, Inc.",Industrials,0.31848381399605263,-0.39125540100168,0.5685324950406736,1.0456449115492217,0.5736101077305515,-0.20411304333850364
GE,GE Aerospace,Industrials,0.31527228394003803,0.14632667721320106,0.7536465677845903,0.4731725734992,-0.3236926519685513,0.52690825317175
GPN,Global Payments Inc.,Industrials,0.29134089483534875,-0.2213637821875863,0.20631148348922634,0.1084599350703861,1.584123150184246,-0.2208263123795284
BA,The Boeing Company,Industrials,0.2896782438225328,0.08135674662103114,0.6577799797216244,0.8233126731975816,-0.23952205444465616,0.125463874017083
RTX,RTX Corporation,Industrials,0.27484765299758734,0.18507948042005884,0.9395808281219228,0.253120433457002,-0.3343940253849999,0.33085154837395303
CSX,CSX Corporation,Industrials,0.22978895245476846,0.26205458158343076,1.0040376650140934,0.16080830918293773,-0.1847748067853219,-0.09318098672129783
LUV,Southwest Airlines Co.,Industrials,0.20186402324973704,0.6210428781260703,0.11107885271736713,0.15234730747623493,0.33672652950943815,-0.21187545158042534
PCAR,PACCAR Inc,Industrials,0.201550832721292,0.24838637626547438,0.8187660252742295,0.2198907918864295,-0.15732151303519698,-0.12196751678447647
FAST,Fastenal Company,Industrials,0.1864776139234311,-0.027380767189706015,0.8437905386053375,0.6010319267817471,-0.3334774534296301,-0.15157617515059307
DAL,"Delta Air Lines, Inc.",Industrials,0.18364240143878532,-0.11688301160255563,0.24015379423092142,0.3241871485129001,0.6442408335300002,-0.17348675747733955
ADT,ADT Inc.,Industrials,0.18013291466579248,-0.23148872739722806,0.8999682455839773,-0.05707926195012152,0.5427482529893473,-0.25348393589701257
ALK,"Alaska Air Group, Inc.",Industrials,0.14240323789427067,2.7885518653401915e-05,0.012802866636230212,-0.09460091030639732,1.0487268406551968,-0.25494049303232963
APG,APi Group Corporation,Industrials,0.12114183979251841,0.11507310168437686,0.8079685313477538,0.1646184898888101,-0.2561888792422975,-0.2257620447160513
UAL,"United Airlines Holdings, Inc.",Industrials,0.12053949315626762,-0.11754899432783765,0.03432460798526708,0.04473983520060637,0.8333776899599586,-0.19219567303665633
VRT,Vertiv Holdings Co,Industrials,0.11817391350048129,0.9186699707167858,-0.5925877614714258,0.520256666604474,-0.20221916238017607,-0.053250145967251736
EXPD,"Expeditors International of Washington, Inc.",Industrials,0.11127135637816624,-0.09252975588632005,0.493311435309147,0.5921598548384482,-0.21195727122631491,-0.22462748114412917
CPRT,"Copart, Inc.",Industrials,0.10708576141711791,-0.3212613535124841,0.8422189949781262,0.4575207757704997,-0.25626679732233243,-0.18678281282821985
CARR,Carrier Global Corporation,Industrials,0.0880107485373546,0.05459726647379946,0.549979415739082,0.18528396702577377,-0.20035800033441828,-0.14944890621746396
HAYW,"Hayward Holdings, Inc.",Industrials,0.032280790837359276,-0.2352424044817835,0.538670173497122,0.2331572225279472,-0.11485578069903425,-0.26032525665745504
TTEK,"Tetra Tech, Inc.",Industrials,-0.006972257080859183,-0.15315226780420876,0.22232068450212933,0.35157669988201945,-0.2082219351412111,-0.24738446684302484
FLR,Fluor Corporation,Industrials,-0.041759119287404535,0.25635004906881836,-0.327741712189794,0.18587735857250415,-0.07219670320109307,-0.25108458868745814
RHI,Robert Half Inc.,Industrials,-0.0937158813578545,-0.4480593999200867,-0.3879533978509886,0.33989860928629795,0.2900295293804408,-0.26249474768493597
TREX,"Trex Company, Inc.",Industrials,-0.11501773714823299,-0.11935330925705129,-0.3975755678587184,0.45130962728640295,-0.25128576928337915,-0.258183666628419
TRI,Thomson Reuters Corporation,Industrials,-0.11831523233753843,-0.7817482840134217,0.171393440477708,0.3638103220667554,-0.1715267559134517,-0.1735048843052822
CECO,CECO Environmental Corp.,Industrials,-0.13149454710861508,0.18533834684924014,-0.575370556582377,0.2993540872362463,-0.30357338425796554,-0.26322122878821924
QXO,"QXO, Inc.",Industrials,-0.15050716895547092,0.2969284802736637,-0.5189507298375933,0.14587386571920724,-0.4457835803978846,-0.23060388053474748
PL,Planet Labs PBC,Industrials,-0.21078807450580334,2.4348205357127015,-2.2656518845919176,-0.36511824820981315,-0.6081548253385576,-0.24983595010142992
RKLB,Rocket Lab Corporation,Industrials,-0.2757809000286193,0.8969434458806359,-1.586499150317699,0.05067272715696077,-0.5533232748435396,-0.1866982480194547
KTOS,"Kratos Defense & Security Solutions, Inc.",Industrials,-0.2860679319100386,0.13079437374107356,-1.0258112957431789,0.2779803366237,-0.5776574486666006,-0.23564562550518703
MIR,"Mirion Technologies, Inc.",Industrials,-0.28920123463087666,-0.38071041892201235,-0.5490097074835365,0.14549699311815648,-0.40576266811494666,-0.2560203717520443
BE,Bloom Energy Corporation,Industrials,-0.3851009779448729,1.4864280667906646,-2.4560409812300916,-0.754496393447355,-0.029587116114703535,-0.17180846572287883
JBLU,JetBlue Airways Corporation,Industrials,-0.5921464989909682,0.14254913754046966,-0.38671673387509387,-1.0448391463798288,-1.4082754603188172,-0.26345029192157027
XMTR,"Xometry, Inc.",Industrials,-0.7212494731745117,-0.6596991255485689,-2.0567093932164693,-0.22866588251592712,-0.39783597323569614,-0.26333699135589683
ACHR,Archer Aviation Inc.,Industrials,-0.7739221230072969,-0.36759379687988797,-0.9856508566093327,-0.34568908340907406,-1.9142201774045868,-0.25645670073360344
LUNR,"Intuitive Machines, Inc.",Industrials,-0.845320626399743,1.276501417882117,-2.512062821072564,-1.9275299157286234,-0.8007106363284163,-0.26280117675122866
JOBY,"Joby Aviation, Inc.",Industrials,-0.9368672002330513,-0.7159900800976569,-1.2526177766713902,-1.0373392204042664,-1.4317904828528696,-0.2465984411390726
ERAS,"Erasca, Inc.",Healthcare,0.9415214540519855,8.259601916711317,-2.1539796953964476,-0.08410882560891084,-1.055252306054398,-0.2586538193916327
JNJ,Johnson & Johnson,Healthcare,0.5888228940985385,0.30861623970042434,1.2385342978030418,0.5010450841479959,-0.15427799212075935,1.0501968409619895
MRK,"Merck & Co., Inc.",Healthcare,0.4109019019810263,0.339324689987246,0.7180999285701598,0.4353665236540344,0.14873930235546304,0.41297906533822826
VTRS,Viatris Inc.,Healthcare,0.3898017987074227,0.5803974135939833,0.5502001860194433,-0.17198348751131737,1.2204101563605714,-0.23001527492556736
RPRX,Royalty Pharma plc,Healthcare,0.33636946159801945,0.19624960853473072,0.9423502366766195,0.19792042387692754,0.5544431994815163,-0.2091161605796968
BMY,Bristol-Myers Squibb Company,Healthcare,0.3150444035621967,0.3754855610281795,0.7255681940242936,0.091498220546382,0.3709813591559561,0.011688683056172272
OGN,Organon & Co.,Healthcare,0.3103268757466988,-0.3632683276738094,-0.545310274653491,-2.203322328901901,4.927327284418129,-0.26379197445543406
GILD,"Gilead Sciences, Inc.",Healthcare,0.3072917057362382,0.22489533171693563,0.7248467286416488,0.4339558918837643,0.013845802475966335,0.13891477396287613
PFE,Pfizer Inc.,Healthcare,0.29322792177733903,0.023465727520693383,0.7833031241409132,0.21161365820494238,0.36958700290095486,0.07817009611919104
MDT,Medtronic plc,Healthcare,0.20265719054615872,-0.22657805083686822,1.056819603521915,0.24275889247219676,-0.06754006888005648,0.007825576453606384
ABT,Abbott Laboratories,Healthcare,0.19505760867323033,-0.35822973528408897,0.9556990941037625,0.35238521171863973,-0.15245906754548585,0.17789254037332414
BMRN,BioMarin Pharmaceutical Inc.,Healthcare,0.18679582274220852,-0.0009791717871761422,0.4109496020149514,0.32007263814786846,0.44579002148229097,-0.24185397614689205
CVS,CVS Health Corporation,Healthcare,0.17282494882839694,-0.1071030677267476,0.597998327920471,0.051565319612752035,0.3658230116787144,-0.04415884734320513
EW,Edwards Lifesciences Corporation,Healthcare,0.1389364935341834,-0.15488629986368255,0.9473491130709987,0.3730886610430489,-0.31467879617837957,-0.15619021040106856
HSIC,"Henry Schein, Inc.",Healthcare,0.13653151716977563,0.04134144243200184,0.6472506344212199,0.20044657879125177,0.03958556571561446,-0.2459666355112098
ZTS,Zoetis Inc.,Healthcare,0.13281688917400292,-0.2203493564523136,0.7088373694523551,0.2981568729105423,0.01819923141860214,-0.14075967145917154
DHR,Danaher Corporation,Healthcare,0.1018081539609558,-0.26970928025078644,0.7318011407061162,0.2653452514178676,-0.2782734927471253,0.05987715067870684
OPCH,"Option Care Health, Inc.",Healthcare,0.08066173021009074,-0.05598358742395392,0.5250496110876539,0.20992725012645183,-0.01931872185748121,-0.25636590088221695
UNH,UnitedHealth Group Incorporated,Healthcare,0.051701269118484425,-0.33051090754886,0.04597899840981029,0.2275321203342859,-0.0014325234131408627,0.31693865781032676
DXCM,"DexCom, Inc.",Healthcare,0.050022869326031213,0.032667623753846534,0.13829029048656954,0.5186100920529209,-0.2345441496580133,-0.2049095100051676
CNC,Centene Corporation,Healthcare,0.009950664913831349,0.3001217307237449,-0.045500129647670785,-0.23317653327714288,0.24767925090647103,-0.21937099413624547
BSX,Boston Scientific Corporation,Healthcare,0.007405083400002722,-0.6407042147787897,0.57472094541377,0.29400864471889343,-0.17411388861082217,-0.016886069743037906
ELAN,Elanco Animal Health Incorporated,Healthcare,0.002758274961736369,0.21503287327691178,0.2362231664377858,0.08105431317981247,-0.27943474292069875,-0.23908423516512944
XRAY,DENTSPLY SIRONA Inc.,Healthcare,-0.03440785022584906,0.26208170613206294,-0.07686536853136487,-0.5295927143158483,0.4338521774032827,-0.2615150518173777
TECH,Bio-Techne Corporation,Healthcare,-0.07123829026057445,-0.2505201091724374,0.19462834422237382,0.28124921849160184,-0.33390771792793855,-0.24764118691647194
BAX,Baxter International Inc.,Healthcare,-0.11096680923736531,-0.1656099938443175,-0.254478675643723,-0.24460124737198322,0.3547461649016379,-0.2448902942284407
ALHC,"Alignment Healthcare, Inc.",Healthcare,-0.11187935189000289,-0.09138791081569195,0.11691562335422372,-0.16583444907670808,-0.15959251297215105,-0.2594975099396871
WAY,Waystar Holding Corp.,Healthcare,-0.13543078973507194,-0.7604599583160889,0.09313783966160823,0.2232210581448525,0.024086845648607608,-0.25713973381433913
MRNA,"Moderna, Inc.",Healthcare,-0.19032053083587508,1.9358299362706834,-0.8899742593842956,-0.054396761563625114,-1.7211826114818398,-0.2218789580202979
AVTR,"Avantor, Inc.",Healthcare,-0.22071373117195267,-0.649810304755907,-0.4724460816781262,0.008315847867241979,0.26474629113568965,-0.2543744084286618
OSCR,"Oscar Health, Inc.",Healthcare,-0.3858763697708603,-0.6201818023333914,-1.1004118986358504,-0.30103981687523906,0.3512746607349859,-0.2590229917448063
HIMS,"Hims & Hers Health, Inc.",Healthcare,-0.45329273933613573,-1.3512633482078147,-1.1237050467891534,0.04788700140449111,0.42129554179125345,-0.26067784487945467
APLS,"Apellis Pharmaceuticals, Inc.",Healthcare,-0.4781069338907271,-0.3550455519407134,-0.979118028973342,0.052618129621879194,-0.8468632843513831,-0.26212593381007615
ACLX,"Arcellx, Inc.",Healthcare,-0.6289723909152704,0.8659024321252886,-2.6151470542683644,-0.30436086038126753,-0.8377782999902738,-0.25347817206173456
BEAM,Beam Therapeutics Inc.,Healthcare,-0.704777484938653,0.3560564911590634,-1.3538484861801654,0.1676729327122613,-2.4321620569813156,-0.2616063054031079
TEM,"Tempus AI, Inc.",Healthcare,-0.7178438166553385,-0.7364801750224569,-0.6993911920112367,-1.2952642914634516,-0.6109768575400304,-0.24710656723951643
ATEC,"Alphatec Holdings, Inc.",Healthcare,-2.1785475806459824,-0.7838930848732237,-0.841850999321704,-10.236372463595371,1.2328888443519233,-0.2635101997915368
MA,Mastercard Incorporated,Financial Services,0.7117846049142742,-0.3129478643123137,0.9941039784561846,1.850598954925288,0.27885923908519755,0.7483087164170145
V,Visa Inc.,Financial Services,0.4786723645318856,-0.27800634309136424,0.995620775373993,0.7118563539410312,-0.1271511572774565,1.0910421937132244
WU,The Western Union Company,Financial Services,0.3866664634785141,0.09883777733584763,0.5840915410799827,0.04483496483061143,1.4667937257632142,-0.2612256916170858
LNC,Lincoln National Corporation,Financial Services,0.381639907409277,-0.49121966617580487,0.36473877799921517,0.2545293090313969,2.0337718622933645,-0.253620746101787
CRBG,"Corebridge Financial, Inc.",Financial Services,0.32163556077793454,-0.4888657492636731,0.5611008824389345,-0.014715474851619184,1.7899273420135922,-0.2392691964475619
BEN,"Franklin Resources, Inc.",Financial Services,0.2816324142293466,0.10650318184896056,0.8190027596466397,0.26932970594395916,0.45082427735016917,-0.2374978536429957
AIG,"American International Group, Inc.",Financial Services,0.261378211832749,-0.10177056099190529,0.834065639196861,0.3002671922551358,0.4466710940186037,-0.17234230531495023
MET,"MetLife, Inc.",Financial Services,0.23435771152584797,-0.2985767222093181,0.8425463849431407,-0.13446639473814107,0.9256976882214075,-0.16341239858784948
IVZ,Invesco Ltd.,Financial Services,0.22535482429911766,0.02966091128042442,0.5958033618450282,0.22804191626253736,0.5154985765244802,-0.24223064441688186
GNW,"Genworth Financial, Inc.",Financial Services,0.2225154936010419,-0.23362684826990093,0.9209940723996218,0.28250851079388073,0.40324504939184486,-0.2605433163102372
SCHW,The Charles Schwab Corporation,Financial Services,0.2170367584529159,-0.13826205852544174,0.8722009857120783,0.1937807208831162,0.04494899386126976,0.11251515033355701
WT,"WisdomTree, Inc.",Financial Services,0.21356905432719575,0.6903706561839099,0.5773641771829221,0.006809059059079401,0.05596527173095253,-0.26266389252088523
HTGC,"Hercules Capital, Inc.",Financial Services,0.20946391939102188,-0.5378045045037287,0.8799341535385328,0.20088036936594178,0.7665272287028358,-0.2622176501484724
ARCC,Ares Capital Corporation,Financial Services,0.19625194286122544,-0.342456280000156,1.077164235551719,0.11137239672351065,0.3737079016998733,-0.23852853966881976
MRSH,"Marsh & McLennan Companies, Inc.",Financial Services,0.16802201112369608,-0.19404895792206825,0.9030927388784553,0.25148705780093583,-0.05388361817971471,-0.0665371649591278
OBDC,Blue Owl Capital Corporation,Financial Services,0.16771809254411701,-0.4170514174537415,0.9135463777298989,0.07839861918251315,0.518958310204762,-0.25526142694284737
ICE,"Intercontinental Exchange, Inc.",Financial Services,0.15058579450092047,-0.15018507181432908,0.9054481221788614,0.2375171007307547,-0.1779325309882451,-0.061918647602439626
AXP,American Express Company,Financial Services,0.13382422208715528,-0.4069950134425161,0.6997704477906141,0.17788331696783188,-0.002072555348087061,0.20053491446793337
BX,Blackstone Inc.,Financial Services,0.1007994961459205,-0.629427033096657,0.561056174842778,0.43998717412996674,0.0934145457167857,0.038966619136729136
EQH,"Equitable Holdings, Inc.",Financial Services,0.09845306704940188,-0.49496456727480714,0.612301189420255,-0.9997044860362921,1.6172245358666653,-0.24259133672881178
NDAQ,"Nasdaq, Inc.",Financial Services,0.09621860038628838,-0.25488557782052107,0.832683599492598,0.25384274901784043,-0.19268696825024126,-0.15786080050823426
MS,Morgan Stanley,Financial Services,0.07402181380396348,-0.1247404518719445,0.7686344912945402,-0.6474336776760656,0.05895445738521732,0.31469424988806993
SPGI,S&P Global Inc.,Financial Services,0.06855096012544556,-0.4231209385918139,0.6024840311544419,0.32704962003995475,-0.19028847617637407,0.026630564201019048
APO,"Apollo Global Management, Inc.",Financial Services,0.05683736897153261,-0.5573714234806891,0.3813492459255785,0.19636371152203166,0.3981377720377816,-0.13429246114703963
IBKR,"Interactive Brokers Group, Inc.",Financial Services,0.05425696858744173,0.032007156011059724,0.30392028453334513,0.23638294485701286,-0.29951192464875054,-0.0015136178154585226
PYPL,"PayPal Holdings, Inc.",Financial Services,0.05109564011764229,-0.6931837274953732,0.08334293467028193,0.40390558953568034,0.6341828530128085,-0.17276944913518621
BRO,"Brown & Brown, Inc.",Financial Services,0.04988187673143157,-0.4534793023237092,0.6659025590698884,0.24767443075052376,0.0032880831727194215,-0.21397638701226465
SLM,SLM Corporation,Financial Services,0.029227085021775463,-0.8537160324928922,0.12358658534428672,0.0449807452829624,1.090871509005681,-0.25958738203116083
TPG,TPG Inc.,Financial Services,-0.012533487245210008,-0.6454832281059822,0.2873243778745539,0.30324484499495363,0.22337821304255384,-0.23113164403212916
KKR,KKR & Co. Inc.,Financial Services,-0.019264079662918383,-0.7372762791676338,0.2839784309357379,0.196730155831434,0.24944535677373353,-0.08919806268786346
OWL,Blue Owl Capital Inc.,Financial Services,-0.05832486122451505,-0.7569956354221884,0.10435942170830449,0.18255241186080104,0.4101135125578281,-0.23165401682732045
ARES,Ares Management Corporation,Financial Services,-0.13083329918375247,-0.7333332340328245,0.1615791343250812,0.030881000006460994,0.07387375947305752,-0.1871671556905376
DBRG,"DigitalBridge Group, Inc.",Financial Services,-0.16589220222869397,0.8291375382897489,-1.1538572368711368,0.24304396401681874,-0.4864575944996704,-0.26132768207923013
RYAN,"Ryan Specialty Holdings, Inc.",Financial Services,-0.18535274841892754,-0.7624620033963433,0.23396926713704447,-0.20324307285396295,0.049998238055474924,-0.2450261710368509
RKT,"Rocket Companies, Inc.",Financial Services,-0.21153368886283952,-0.27862461233609265,-0.5220980722189048,-0.044101356784598984,-0.0576548836591889,-0.15518951931541222
SOFI,"SoFi Technologies, Inc.",Financial Services,-0.3164182658750814,-0.8448388331765944,-0.5438914579597616,0.29635113631000853,-0.27161379195425417,-0.2180983825948051
STEP,StepStone Group Inc.,Financial Services,-0.3475609226619862,-0.7494272613063288,0.03522532756268089,-0.5687928120003048,-0.1987175521473107,-0.2560923154186673
AFRM,"Affirm Holdings, Inc.",Financial Services,-0.38366455075239236,-0.816432312349827,-0.7764042454840563,-0.24551505569064175,0.1535375396747294,-0.23350867991216617
UPST,"Upstart Holdings, Inc.",Financial Services,-0.4114332014620423,-0.9771357467766815,-1.123810633941481,-0.20909685487745003,0.51496300237872,-0.26208577409331896
HOOD,"Robinhood Markets, Inc.",Financial Services,-0.41509797106608753,-0.8605337462101139,-0.977899561387032,0.18461112642514904,-0.3040560070736091,-0.11761166708483149
COIN,"Coinbase Global, Inc.",Financial Services,-0.4212243825652598,-0.8506301965958678,-0.9723230788179437,0.2591104768001959,-0.3787191307794201,-0.16355998343326292
RIOT,"Riot Platforms, Inc.",Financial Services,-0.49966458261443875,0.02663776206283575,-1.7492964242508215,0.27675587006049795,-0.797790604467719,-0.2546295164769871
CRCL,Circle Internet Group,Financial Services,-0.5061816155804797,-0.17939089784885034,-1.996794547388643,0.25049981487771306,-0.38400109206129274,-0.2212213554813257
MARA,"MARA Holdings, Inc.",Financial Services,-0.6263768401008947,-0.6708858056271736,-1.436339532016516,0.35300138378078577,-1.1171393791902657,-0.26052086745130376
HUT,Hut 8 Corp.,Financial Services,-0.6406655968155623,0.6794593441597333,-2.4250268872682685,0.03214215895711632,-1.234599460988052,-0.2553031389383407
GLXY,Galaxy Digital,Financial Services,-0.6741649785076133,-0.550550952648792,-1.78911047834708,-0.26255668021275747,-0.5183721357056534,-0.25023464562378284
LMND,"Lemonade, Inc.",Financial Services,-0.7530253126649856,-0.6365697262711885,-1.976926916167539,-0.09444430427658967,-0.7977339473661228,-0.25945166924348856
CLSK,"CleanSpark, Inc.",Financial Services,-0.893625487246979,-0.5037649804794799,-2.0792337634607243,-0.18767145567391805,-1.4350952166588076,-0.2623620199619647
WULF,TeraWulf Inc.,Financial Services,-3.0389375416125084,0.31358511985977355,-2.9658072142544,-12.151347758068814,-0.13810503235298824,-0.2530128232461128
XOM,Exxon Mobil Corporation,Energy,0.5475984508513585,0.45005752785198266,0.9592797176516161,0.35164679842136237,-0.1540809620907853,1.1310891724226164
CVX,Chevron Corporation,Energy,0.3852924048664219,0.26144327562602326,1.0345299033285207,0.29872444661786096,-0.22239837892775718,0.5541627776874616
EPD,Enterprise Products Partners L.P.,Energy,0.32508317924608227,0.07373611204104583,1.2503491740891912,0.21572903551166384,0.18127589296583269,-0.09567431837732195
ET,Energy Transfer LP,Energy,0.2868568182847979,0.09307514589443194,1.2187796057160094,0.06501890304613556,0.1826684417762379,-0.12525800500882506
EOG,"EOG Resources, Inc.",Energy,0.2844739317226962,0.05992267824085753,0.8667992973608996,0.38341196810600786,0.23103969438969857,-0.11880397948398276
SM,SM Energy Company,Energy,0.27715496897079883,0.04719235366415523,-0.048540877085045245,0.2926417811121044,1.3503128548405574,-0.2558312676777779
COP,ConocoPhillips,Energy,0.2560135589903969,0.3161246023827556,0.7090376233460436,0.3196625963887562,-0.10214385266464994,0.03738682549907901
CTRA,Coterra Energy Inc.,Energy,0.2491392615797725,0.16323549067226167,0.7275897197493659,0.3478171150054904,0.22373917591616926,-0.21668519344442463
DVN,Devon Energy Corporation,Energy,0.24521203505358216,0.2027202252690875,0.5725349289282622,0.33217012335124735,0.3271525934089109,-0.20851769568959713
BKR,Baker Hughes Company,Energy,0.22203819784026074,0.4712255362027769,0.6742402407481136,0.3486417608438123,-0.2579469077671848,-0.12596964082621426
HAL,Halliburton Company,Energy,0.221757109024263,0.6673649053603037,0.35109450987699875,0.21980132047125747,0.07178017185358769,-0.20125536244083284
KMI,"Kinder Morgan, Inc.",Energy,0.21819747668302483,0.27380067606915265,1.0489786664297285,0.14514058879782363,-0.27193885750774,-0.10499369037384064
PR,Permian Resources Corporation,Energy,0.20013761593415555,0.3465690459539503,0.509277565232124,0.3089979140050022,0.07381050292396878,-0.23796694844426755
MTDR,Matador Resources Company,Energy,0.1993596494653794,0.1398984249511365,0.24781378621980235,0.2973618725612454,0.5656000831276622,-0.2538759195329494
RRC,Range Resources Corporation,Energy,0.19839661759220295,0.02238986245160135,0.5019146678756865,0.3746659992312472,0.3393287756524725,-0.2463162172499928
OKE,"ONEOK, Inc.",Energy,0.18933225449244576,0.10718897487052972,0.8475665822841105,0.09205286509482015,0.05305230535142908,-0.15319945513866076
FANG,"Diamondback Energy, Inc.",Energy,0.18089021211653072,0.12477848461890129,0.6536916554904684,0.23972427899492513,0.04440235784489721,-0.15814571636653837
WMB,"The Williams Companies, Inc.",Energy,0.17192493433072756,0.3071129583851239,0.952281854750425,0.0027966397548224984,-0.3356379325008876,-0.06692884873584619
EQT,EQT Corporation,Energy,0.14288296656389898,-0.032633782225544694,0.5543695996765545,0.3061466744252897,0.07007615114941704,-0.18354381020622174
NOV,NOV Inc.,Energy,0.13851859909803746,0.5613596793110596,0.23349996094307973,0.21778883974645066,-0.06836122341273261,-0.25169426109767007
AR,Antero Resources Corporation,Energy,0.13007950900852466,-0.045242260026614925,0.2623321323432887,0.26626254759603424,0.41000528193368346,-0.2429601568037682
APA,APA Corporation,Energy,0.12085789376939751,0.31671296248393405,0.026488720537874384,0.39134788327108855,0.11378073845368288,-0.24404083589959225
VNOM,"Viper Energy, Inc.",Energy,0.1193873368225854,0.2875373700964853,0.7068597395447096,0.20128349767953452,-0.3642049878947048,-0.23453893531309758
EXE,Expand Energy Corporation,Energy,0.1106847246375734,-0.24391511371330105,0.5057282538056843,0.3205965128530672,0.18238695246509803,-0.2113729822226815
OXY,Occidental Petroleum Corporation,Energy,0.09682604062767268,0.26244188894233145,0.5404169304950673,0.19062999328960104,-0.3566570379907998,-0.15270157159783673
CRGY,Crescent Energy Company,Energy,0.0527144282658638,0.27722431019304095,-0.28040670760771913,0.061753703136792,0.4645353894332742,-0.2595345538260691
LBRT,Liberty Energy Inc.,Energy,-0.06349707524203853,1.3835906614108808,-0.8075444385279369,0.286340371925576,-0.921929470112251,-0.25794250090646154
PTEN,"Patterson-UTI Energy, Inc.",Energy,-0.0952113208773486,0.7709188840950884,-0.051645198292848936,0.15784478704742838,-1.092322225047828,-0.2608528521885828
SEI,"Solaris Energy Infrastructure, Inc.",Energy,-0.24398572626406306,0.20346685937565678,-1.254711826497108,0.20937699798918905,-0.11793951891149655,-0.2601211432765567
CL,Colgate-Palmolive Company,Consumer Defensive,3.004670284318237,0.24514343017569312,1.006262764662614,-0.16011264338239356,14.023603997342592,-0.09154612720732053
WMT,Walmart Inc.,Consumer Defensive,0.6078782114205574,0.22017517623139926,0.8853230537552761,0.35756515371270126,-0.401759160575236,1.9780868339786462
PG,The Procter & Gamble Company,Consumer Defensive,0.4002921922101696,0.04051377268527265,1.1492609858023948,0.4453082943668238,-0.2272618180807968,0.5936397262771534
KO,The Coca-Cola Company,Consumer Defensive,0.3975299261659816,0.09238789772056863,1.202417210897314,0.39733326844874683,-0.20898019159271847,0.504491445355997
PEP,"PepsiCo, Inc.",Consumer Defensive,0.2791842824159948,0.11609374499469721,1.0061518772585627,0.10908573820012052,-0.07845175130409153,0.24304180293068503
KMB,Kimberly-Clark Corporation,Consumer Defensive,0.2170958274673684,-0.19014340009123556,0.7546238593679322,0.4846290395469173,0.22289345414160522,-0.186523815628377
TGT,Target Corporation,Consumer Defensive,0.2004510894349005,0.288753167174804,0.6472518874102964,0.22637307445172006,-0.006001085225752249,-0.15412159663656572
MDLZ,"Mondelez International, Inc.",Consumer Defensive,0.16383990800447637,-0.059579017021451845,0.9408219561090689,0.17560132895973318,-0.14463063437725593,-0.09301409364771268
CAG,"Conagra Brands, Inc.",Consumer Defensive,0.1622452401330588,-0.016597547753178562,0.7662055736945618,0.044070681141899,0.2652374110033534,-0.24768991742134155
GIS,"General Mills, Inc.",Consumer Defensive,0.14913074148472827,-0.24224427362576456,0.8966329112431817,0.21164483681579255,0.09444852680606539,-0.21482829381563373
KDP,Keurig Dr Pepper Inc.,Consumer Defensive,0.1474222801575533,-0.022270070058946573,0.5981824463598399,0.1881230938506395,0.15046589919567196,-0.1773899685594382
KHC,The Kraft Heinz Company,Consumer Defensive,0.11588878379031542,-0.2581790864231755,0.8274841581012409,0.02359309137557861,0.19036966280326836,-0.20382390690533528
HRL,Hormel Foods Corporation,Consumer Defensive,0.1143512250152186,-0.01078172212277763,0.6428968923920027,0.2593368618321818,-0.08273756098999248,-0.23695834603532134
CPB,The Campbell's Company,Consumer Defensive,0.06917094423091916,-0.37479292608972653,0.6773416152596483,-0.006239564590604627,0.29982012122053536,-0.2502745246452566
KVUE,Kenvue Inc.,Consumer Defensive,0.04892263714299334,-0.04739865417867209,0.2969985746057011,0.23838929535376052,-0.056068828847364395,-0.18730720121845848
KR,The Kroger Co.,Consumer Defensive,0.029537606227040575,-0.1425113630037173,0.8218156438549027,-0.4924768624177726,0.12926030588425283,-0.16839969318246287
FLO,"Flowers Foods, Inc.",Consumer Defensive,0.017625651836991864,-0.43498021758120364,0.47627280678162276,0.13620326594589272,0.17400348211666017,-0.26337107807801263
ACI,"Albertsons Companies, Inc.",Consumer Defensive,-0.007669607660958588,-0.219205974363654,0.6362314376310684,-0.8872735111579054,0.6782160577421468,-0.24631604815644856
PRMB,Primo Brands Corporation,Consumer Defensive,-0.06520189274078769,0.36132447193625533,-0.2976711620421279,-0.15042729160880403,0.010239009242837537,-0.24947449123209944
SFM,"Sprouts Farmers Market, Inc.",Consumer Defensive,-0.0812038125899705,-0.5828536417542266,-0.08544048881937416,0.34960591608092706,0.1647396040666863,-0.2520704525238651
CELH,"Celsius Holdings, Inc.",Consumer Defensive,-0.12900901133073148,0.17483340881256998,-0.5980387974242858,0.28116426037529657,-0.2654667977257861,-0.23753713069145196
EL,The Este Lauder Companies Inc.,Consumer Defensive,-0.13778485654211964,0.1477654523185843,0.04928585495283702,-0.32123203124194255,-0.3839637110255658,-0.18077984771451097
AMZN,"Amazon.com, Inc.",Consumer Cyclical,1.0139427974345012,-0.3429123606919816,0.5469326344383307,0.4094434095219302,-0.23923800061563325,4.69548830451986
TSLA,"Tesla, Inc.",Consumer Cyclical,0.5515624279587424,-0.17287650717218875,0.11427916543565204,0.2904657867295583,-0.5315788969349263,3.0575225917356166
HD,"The Home Depot, Inc.",Consumer Cyclical,0.3881973111997355,-0.11058266016253394,0.935808607429165,0.5731226463942923,-0.02388071059460856,0.5665186729323627
TJX,"The TJX Companies, Inc.",Consumer Cyclical,0.33163322083993274,-0.01022272090168172,1.184385722408042,0.5794003789766909,-0.22356415795135337,0.1281668816679658
GM,General Motors Company,Consumer Cyclical,0.29790204635366624,0.10891149437683682,0.4735427544693469,-0.1721940732824786,1.1855511327709252,-0.10630107656629931
BWA,BorgWarner Inc.,Consumer Cyclical,0.19076520941461722,0.4530198920478875,0.20560623546420434,0.17025882295753822,0.3657897056645482,-0.24084860906109232
ABNB,"Airbnb, Inc.",Consumer Cyclical,0.17898192768088672,0.040597983576344324,0.6262490849184321,0.5297424372148436,-0.21205657268142727,-0.08962329462375923
CART,Maplebear Inc.,Consumer Cyclical,0.08960377139986332,-0.40588434741541374,0.0840180735614181,0.433698757261976,0.5823946144677186,-0.24620824087638235
MCW,"Mister Car Wash, Inc.",Consumer Cyclical,0.0812057686067626,0.3931907345599673,0.18601571267531788,0.008167102239552098,0.08147080662453027,-0.26281551306555456
CCL,Carnival Corporation & plc,Consumer Cyclical,0.06672352753649058,0.12590334192825112,0.13322405585220568,0.0024682904158997085,0.24396436435098104,-0.17194241486488468
GAP,"The Gap, Inc.",Consumer Cyclical,0.06458181150412211,0.011199523682792908,0.21460738621699546,0.18043135983996383,0.16167442203013282,-0.2450036342492745
BBY,"Best Buy Co., Inc.",Consumer Cyclical,0.0602501692822241,-0.5443307345936667,0.4844356545468908,0.1454842557274664,0.45495996028592356,-0.23929828955549368
TSCO,Tractor Supply Company,Consumer Cyclical,0.058005685893100005,-0.33234690782920545,0.7986021211249764,0.20007833754151771,-0.16865125019855876,-0.20765387117322998
EBAY,eBay Inc.,Consumer Cyclical,0.05578881762913249,-0.05379123172245601,0.06026662331175463,0.3336815003698106,0.11532922600446052,-0.17654202981790731
TPH,"Tri Pointe Homes, Inc.",Consumer Cyclical,0.049931612952071235,0.44200639695674976,-0.056344181345974846,0.27084827182677856,-0.14764968956766933,-0.259202733109528
CMG,"Chipotle Mexican Grill, Inc.",Consumer Cyclical,0.030022053371361344,-0.12557178201881106,0.3019785014805144,0.3445769499893498,-0.21126752063615692,-0.15960588195808953
F,Ford Motor Company,Consumer Cyclical,0.027728891900050023,0.040834567140178975,0.6083360027014892,-1.0313573840194985,0.6650326435726025,-0.1442013698945221
M,"Macy's, Inc.",Consumer Cyclical,0.021954087015333967,-0.06461204612000929,-0.13316602927566248,0.10868646168664575,0.4552476107379469,-0.256385561952251
NKE,"NIKE, Inc.",Consumer Cyclical,0.019440549661380334,-0.32108343087359,0.5167312293002413,0.2765580733899541,-0.3097088276648746,-0.0652942958448291
LTH,"Life Time Group Holdings, Inc.",Consumer Cyclical,0.013685539582452555,-0.2468730559388632,0.4672168890472558,0.09571285044037113,0.007227110553317452,-0.2548560961898184
EXPE,"Expedia Group, Inc.",Consumer Cyclical,-0.00034301895185807896,-0.39461023100801906,-0.1634193322513001,0.17774205686616432,0.5883463280640135,-0.2097739164301491
GME,GameStop Corp.,Consumer Cyclical,-0.012084701933576948,-0.010427860571009794,0.41650913604124384,0.17022843883516672,-0.39247153837743115,-0.24426168559585437
CHWY,"Chewy, Inc.",Consumer Cyclical,-0.03460266943756399,-0.6220930995020869,-0.0036944104679448976,0.6160973821484441,0.07958749673978051,-0.24291071610601275
IP,International Paper Company,Consumer Cyclical,-0.04930293370210117,-0.07773802113894543,0.21892785189208308,-0.14136514551549187,-0.029005815072656867,-0.21733353867549476
MAT,"Mattel, Inc.",Consumer Cyclical,-0.058109862034677766,-0.49214036809691486,0.03300632650785624,0.17781790230666278,0.24670736954423467,-0.25594054043522757
GPK,Graphic Packaging Holding Company,Consumer Cyclical,-0.07223499663187295,-0.725862388136077,0.13119754921888602,0.027326168519690386,0.46618157128732113,-0.26001788404918547
GT,The Goodyear Tire & Rubber Company,Consumer Cyclical,-0.07978809302203187,-0.23054597534939802,-0.07588224898663949,-0.6585129271866651,0.8287660722605529,-0.2627653858480095
DASH,"DoorDash, Inc.",Consumer Cyclical,-0.0978442934491079,-0.4649969838780261,-0.01636337843367921,0.31188999630549424,-0.21924676780934294,-0.10050433342998542
WHR,Whirlpool Corporation,Consumer Cyclical,-0.09820784730718116,-0.4918144972849165,-0.006371283401194957,-0.24158976173889216,0.5081857921349302,-0.2594494862458324
CAVA,"CAVA Group, Inc.",Consumer Cyclical,-0.10794851539751987,0.7919292875177694,-0.7403580793342992,0.22841624770977395,-0.5728256158461766,-0.24690441703466676
UAA,"Under Armour, Inc.",Consumer Cyclical,-0.11135177960835718,0.8607077996569282,-0.41644686515126417,-0.31593524189125405,-0.4240774383539127,-0.26100715230228316
SE,Sea Limited,Consumer Cyclical,-0.14747747353344762,-0.6552412851549902,-0.0807770545458539,0.34620342695069484,-0.22096924989015154,-0.12660320502693714
VFC,V.F. Corporation,Consumer Cyclical,-0.15229087763820526,0.15248519646661568,-0.21234627461983346,-0.30037301762693047,-0.1499849635924709,-0.2512353288184071
NCLH,Norwegian Cruise Line Holdings Ltd.,Consumer Cyclical,-0.15832646615599077,0.2653829231537648,-0.26232526705942816,-0.9796160662377639,0.4280424966387649,-0.24311641727529149
CVNA,Carvana Co.,Consumer Cyclical,-0.167827766103751,-0.32943262213721386,-0.770392931452726,0.6692694697759533,-0.3018483758223837,-0.1067343708823845
AEO,"American Eagle Outfitters, Inc.",Consumer Cyclical,-0.18332113195235375,0.567570241580771,-1.3510388118428671,0.1198374140467833,0.005820328588170892,-0.2587948321346267
CPNG,"Coupang, Inc.",Consumer Cyclical,-0.20256034393646505,-0.7733477729023525,0.2785690466592007,0.09224424448952978,-0.41903832003066444,-0.19122891789803884
LVS,Las Vegas Sands Corp.,Consumer Cyclical,-0.20803164611290806,-0.40448843497837733,0.31316458008392833,-0.9422978495891061,0.1769908978335095,-0.1835274239144945
CALY,Callaway Golf Company,Consumer Cyclical,-0.24338733414266028,0.18441009692479807,-0.6770633927264513,-0.13261290342708323,-0.32939797979053403,-0.2622724916940309
DKNG,DraftKings Inc.,Consumer Cyclical,-0.2679112019751242,-0.7897017687828676,-0.1540180745514655,-0.4302829843619244,0.27628388686768524,-0.24183706904704855
BROS,Dutch Bros Inc.,Consumer Cyclical,-0.27778402067267116,-0.4350160985875442,-0.4000312533093855,0.13803795928528179,-0.44336793734856883,-0.248542773403139
MGM,MGM Resorts International,Consumer Cyclical,-0.38152431424296507,-0.1421062744257409,0.3408879655858504,-1.870087511266025,0.009452411418392646,-0.24576816252730224
CZR,"Caesars Entertainment, Inc.",Consumer Cyclical,-0.5349056459059284,-0.10607807440070731,-0.5314789794660006,-1.4957402153207384,-0.28452336311680837,-0.2567075972253869
RIVN,"Rivian Automotive, Inc.",Consumer Cyclical,-0.8612279538849297,-0.18845055199588112,-1.0953793754403733,-0.664740496462386,-2.1314911725379657,-0.22607817298804167
NIO,NIO Inc.,Consumer Cyclical,-0.9951265769212526,-0.4580482586431446,-0.6806343113296254,-1.929306707272646,-1.6667921981106621,-0.24085140925018494
LCID,"Lucid Group, Inc.",Consumer Cyclical,-1.7092046721592913,-0.7863743488550924,-0.9315019377381029,-0.6595961636681684,-5.907723377286534,-0.26082753324855845
GOOG,Alphabet Inc.,Communication Services,1.83502964859814,0.025586609489324973,0.728360300269465,0.6143220416175865,-0.21991784372880072,8.026797135343124
GOOGL,Alphabet Inc.,Communication Services,1.8342638691571491,0.031730336405072064,0.7100124103907223,0.6143220416175865,-0.22033233996839222,8.035586897340757
META,"Meta Platforms, Inc.",Communication Services,0.785894996422722,-0.2242584696880186,0.40739622256309,0.5023323490816056,-0.0980170676829396,3.3420219478398723
CMCSA,Comcast Corporation,Communication Services,0.38234150926128446,0.15696662328072852,0.8737346599363672,0.24602692130779144,0.6545551081316533,-0.019575766350118064
VZ,Verizon Communications Inc.,Communication Services,0.34591540779096575,0.23537597312827427,0.8583441413244758,0.04063104786855216,0.39757873720497783,0.19764713942854886
T,AT&T Inc.,Communication Services,0.301429753157786,-0.06188219728113159,0.9777676108039104,0.1798702107512676,0.24214664715407175,0.16924649436081143
OMC,Omnicom Group Inc.,Communication Services,0.24394130477394468,0.14582167892718337,0.3050820570103846,0.08008164938831097,0.8976077512553634,-0.20888661271151893
DIS,The Walt Disney Company,Communication Services,0.21664505655837998,-0.1906768578780448,0.8176062195370968,0.3088218632257736,0.0014020186600833399,0.14607203924699094
NFLX,"Netflix, Inc.",Communication Services,0.19747270964143626,-0.4211497278680023,0.40179048902371023,0.573554723535614,-0.19770369840267696,0.6308717619185363
TMUS,"T-Mobile US, Inc.",Communication Services,0.1880076257191322,-0.18479810235842525,0.9149661565123901,-0.02945449647414016,-0.02732929220284233,0.26665386311867856
APP,AppLovin Corporation,Communication Services,0.1403867863146269,-0.5765037149714127,-1.2514601158183902,2.0838597122246107,0.39015280574212424,0.05588524439620238
NWSA,News Corporation,Communication Services,0.0505713209681528,-0.3412754840551736,0.7605175600474197,0.27361500503607894,-0.20312621924450033,-0.23687425694306066
TME,Tencent Music Entertainment Group,Communication Services,-0.04363153000932258,-0.6481452744638144,0.21760818406792568,0.42473991934640476,0.0014650901011563962,-0.21382556909828535
WMG,Warner Music Group Corp.,Communication Services,-0.060521037964601454,-0.21759549618058663,0.6861038595749749,-0.6347559701007539,0.09871529324465393,-0.2350728763612955
WBD,"Warner Bros. Discovery, Inc.",Communication Services,-0.10465646240031788,0.7506069747844314,-0.5001375526687886,0.09354383060953088,-0.7531158472708115,-0.11417971745595158
ROKU,"Roku, Inc.",Communication Services,-0.10654472750644499,-0.14163583628310683,-0.04548985816360407,0.2703230015875502,-0.37989970604160345,-0.23602123863146077
PINS,"Pinterest, Inc.",Communication Services,-0.12250187758127896,-0.8965088784351798,-0.33214483618355783,0.3598456387851664,0.49878437050038543,-0.2424856825732089
TTD,"The Trade Desk, Inc.",Communication Services,-0.25978971906778087,-0.9954441755376501,-0.8458705233275078,0.4093624705062858,0.3753256939160274,-0.24232206089605965
RDDT,"Reddit, Inc.",Communication Services,-0.29781010088849835,-0.7596854115452345,-0.9518815148056544,0.4975624862588823,-0.06841046097319003,-0.20663560337729495
PSKY,Paramount Skydance Corporation,Communication Services,-0.40932734931585757,-0.4084205659379607,-1.4447380447581768,-0.007644035390852307,0.04931652733521996,-0.23515062782751806
SATS,EchoStar Corporation,Communication Services,-0.9123411671028732,1.1802825795203493,-2.676822737014228,-1.805076013041788,-1.0653509918756234,-0.19473867310307547
RBLX,Roblox Corporation,Communication Services,-1.2058757863431726,-0.7651003993834531,-0.6095046418596727,-4.686828517630016,0.19288342068228634,-0.16082879352500665
HYMC,Hycroft Mining Holding Corporation,Basic Materials,0.44932356294850834,10.485946686245223,-3.4078844216985504,-4.289197056718196,-0.28349016397367605,-0.25875722911225835
NEM,Newmont Corporation,Basic Materials,0.29689791166634644,0.8025950075897443,-0.0025802849053214094,0.473987923232723,0.1661038888687332,0.0443830235458529
FCX,Freeport-McMoRan Inc.,Basic Materials,0.20309345795025718,0.912310527956018,-0.037168737675977004,0.34510164598466825,-0.15223972861434817,-0.05253641789907512
AA,Alcoa Corporation,Basic Materials,0.19883134993132107,0.9600898975132816,-0.3210759039488513,0.3944384023062296,0.19327300210322584,-0.23256864831728052
CTVA,"Corteva, Inc.",Basic Materials,0.1844575583164249,0.12857772116217636,0.845041495566499,0.3041025985597529,-0.206670509988163,-0.14876351371814095
ESI,Element Solutions Inc,Basic Materials,0.1434577171101528,0.4756439012729069,0.40459015755576067,0.2064230700455907,-0.12022229647947526,-0.24914624684401906
CDE,"Coeur Mining, Inc.",Basic Materials,0.119604442730357,1.3115908262667677,-1.141067133336405,0.5304226091998109,0.12665798682347834,-0.22958207530186694
MOS,The Mosaic Company,Basic Materials,0.056321684092385055,-0.06444082487015801,0.1799033813540467,0.23302919696603544,0.18162557886926076,-0.2485089118572596
HL,Hecla Mining Company,Basic Materials,0.051818613115100165,1.6428185918661955,-1.314581111612516,0.399884405240575,-0.2378294911227361,-0.2311993287960179
DOW,Dow Inc.,Basic Materials,-0.1153255611845575,0.3652848661851447,-0.022395918547268474,-0.12976093385244908,-0.5703388952561922,-0.21941692445202246
HUN,Huntsman Corporation,Basic Materials,-0.19901825301255902,0.2678049994245942,-0.45302277091419285,0.013288805097482613,-0.5600367661192421,-0.26312553255143667
CLF,Cleveland-Cliffs Inc.,Basic Materials,-0.3774256181158283,-0.4004483627930952,-0.9849726792115312,-0.2441801801418133,-0.0029493640026328574,-0.25457750443006893
MP,MP Materials Corp.,Basic Materials,-0.43843335865997207,-0.31655964642945594,-1.2560219782122155,0.1300406507058868,-0.5046329146638283,-0.24499290470024726
